timestamp,timestamp_iso,student_id,yaw,pitch,roll,attention_state,assignment_id
1771749706489,2026-02-22T08:41:46.489Z,12,-12.98,-10.34,86.64,1,4
1771749708589,2026-02-22T08:41:48.589Z,12,25.79,-24.37,1.93,0,4
1771749710689,2026-02-22T08:41:50.689Z,12,-10.84,3.9,16.18,1,4
1771749712789,2026-02-22T08:41:52.789Z,12,3.21,8.05,-177.66,1,4
1771749714889,2026-02-22T08:41:54.889Z,12,33.51,-24.31,94.86,0,4
1771749716989,2026-02-22T08:41:56.989Z,12,-4.32,-3.67,-56.18,1,4
1771749719089,2026-02-22T08:41:59.089Z,12,-16.44,-1.05,-135.06,1,4
1771749721189,2026-02-22T08:42:01.189Z,12,-38.8,31.55,73.65,0,4
1771749723289,2026-02-22T08:42:03.289Z,12,-9.8,-5.48,-151.27,1,4
1771749725389,2026-02-22T08:42:05.389Z,12,-14.36,-5.77,48.85,1,4
1771749727489,2026-02-22T08:42:07.489Z,12,-4.67,-7.55,-83.89,1,4
1771749729589,2026-02-22T08:42:09.589Z,12,-40.23,-30.68,-91.87,0,4
1771749731689,2026-02-22T08:42:11.689Z,12,-8.28,11.06,67.74,1,4
1771749733789,2026-02-22T08:42:13.789Z,12,-6.33,6.98,-159.86,1,4
1771749735889,2026-02-22T08:42:15.889Z,12,35.03,-24.22,159.45,0,4
1771749737989,2026-02-22T08:42:17.989Z,12,30.32,27.91,149.24,0,4
1771749740089,2026-02-22T08:42:20.089Z,12,-8.46,-6.59,22.09,1,4
1771749742189,2026-02-22T08:42:22.189Z,12,3.05,10.34,-36.22,1,4
1771749744289,2026-02-22T08:42:24.289Z,12,17.91,0.25,-147.27,1,4
1771749746389,2026-02-22T08:42:26.389Z,12,-14.05,3.31,105.15,1,4
1771749748489,2026-02-22T08:42:28.489Z,12,-15.71,-3.08,178.6,1,4
1771749750589,2026-02-22T08:42:30.589Z,12,-42.01,-33.63,13.31,0,4
1771749752689,2026-02-22T08:42:32.689Z,12,5.07,-10.1,-23.48,1,4
1771749754789,2026-02-22T08:42:34.789Z,12,16.34,9.77,-85.18,1,4
1771749756889,2026-02-22T08:42:36.889Z,12,-37.69,-37.41,-72.56,0,4
1771749758989,2026-02-22T08:42:38.989Z,12,-28.82,-30.79,100.31,0,4
1771749761089,2026-02-22T08:42:41.089Z,12,-39.97,20.39,154.48,0,4
1771749763189,2026-02-22T08:42:43.189Z,12,30.99,-37.56,160.9,0,4
1771749706489,2026-02-22T08:41:46.489Z,12,-49.45,-22.57,-8.9,0,5
1771749708589,2026-02-22T08:41:48.589Z,12,38.19,39.29,154.41,0,5
1771749710689,2026-02-22T08:41:50.689Z,12,-42.82,39.9,53.96,0,5
1771749712789,2026-02-22T08:41:52.789Z,12,28.03,-21.28,-172.43,0,5
1771749714889,2026-02-22T08:41:54.889Z,12,-25.18,-24.58,145.95,0,5
1771749716989,2026-02-22T08:41:56.989Z,12,-37.85,33.38,-102.87,0,5
1771749719089,2026-02-22T08:41:59.089Z,12,15.68,1.85,-9.84,1,5
1771749721189,2026-02-22T08:42:01.189Z,12,29.76,-33.18,-52.45,0,5
1771749723289,2026-02-22T08:42:03.289Z,12,13.1,-11.59,55.24,1,5
1771749725389,2026-02-22T08:42:05.389Z,12,-35.07,36.01,-140.66,0,5
1771749727489,2026-02-22T08:42:07.489Z,12,1.31,-9.36,-113.94,1,5
1771749729589,2026-02-22T08:42:09.589Z,12,-36.08,-21.01,179.74,0,5
1771749731689,2026-02-22T08:42:11.689Z,12,-48.16,-23.33,-5.17,0,5
1771749733789,2026-02-22T08:42:13.789Z,12,-3.56,-11.48,-43.57,1,5
1771749735889,2026-02-22T08:42:15.889Z,12,48.16,25.7,70.77,0,5
1771749737989,2026-02-22T08:42:17.989Z,12,28.87,24.35,-158.95,0,5
1771749740089,2026-02-22T08:42:20.089Z,12,-43.7,-21.0,-8.36,0,5
1771749742189,2026-02-22T08:42:22.189Z,12,-26.42,-37.03,-155.33,0,5
1771749744289,2026-02-22T08:42:24.289Z,12,13.03,-2.5,158.97,1,5
1771749746389,2026-02-22T08:42:26.389Z,12,-40.48,33.15,23.48,0,5
1771749748489,2026-02-22T08:42:28.489Z,12,-8.61,4.41,-66.89,1,5
1771749750589,2026-02-22T08:42:30.589Z,12,-13.29,3.78,-15.4,1,5
1771749706489,2026-02-22T08:41:46.489Z,12,17.94,12.9,-153.63,1,6
1771749708589,2026-02-22T08:41:48.589Z,12,-8.45,11.26,137.11,1,6
1771749710689,2026-02-22T08:41:50.689Z,12,32.12,36.67,73.27,0,6
1771749712789,2026-02-22T08:41:52.789Z,12,17.54,4.0,-177.18,1,6
1771749714889,2026-02-22T08:41:54.889Z,12,48.29,-38.78,-131.66,0,6
1771749716989,2026-02-22T08:41:56.989Z,12,-14.15,1.38,-81.95,1,6
1771749719089,2026-02-22T08:41:59.089Z,12,7.83,-7.71,48.33,1,6
1771749721189,2026-02-22T08:42:01.189Z,12,-0.41,10.54,124.6,1,6
1771749723289,2026-02-22T08:42:03.289Z,12,-2.75,-5.81,-178.72,1,6
1771749725389,2026-02-22T08:42:05.389Z,12,29.04,31.03,-26.03,0,6
1771749727489,2026-02-22T08:42:07.489Z,12,-15.29,9.96,145.41,1,6
1771749729589,2026-02-22T08:42:09.589Z,12,12.05,2.15,-126.69,1,6
1771749731689,2026-02-22T08:42:11.689Z,12,-6.9,10.37,106.6,1,6
1771749733789,2026-02-22T08:42:13.789Z,12,30.25,-33.34,-52.68,0,6
1771749735889,2026-02-22T08:42:15.889Z,12,13.49,12.32,89.81,1,6
1771749737989,2026-02-22T08:42:17.989Z,12,-46.62,-37.63,-171.08,0,6
1771749740089,2026-02-22T08:42:20.089Z,12,44.56,36.04,131.06,0,6
1771749742189,2026-02-22T08:42:22.189Z,12,28.98,-27.65,-166.06,0,6
1771749744289,2026-02-22T08:42:24.289Z,12,-10.82,10.88,-54.12,1,6
1771749746389,2026-02-22T08:42:26.389Z,12,-30.57,-27.97,-79.7,0,6
1771749706489,2026-02-22T08:41:46.489Z,12,33.78,33.59,123.72,0,7
1771749708589,2026-02-22T08:41:48.589Z,12,-17.01,9.8,-85.96,1,7
1771749710689,2026-02-22T08:41:50.689Z,12,25.96,26.91,103.11,0,7
1771749712789,2026-02-22T08:41:52.789Z,12,-34.63,-25.09,75.16,0,7
1771749714889,2026-02-22T08:41:54.889Z,12,15.32,1.0,78.99,1,7
1771749716989,2026-02-22T08:41:56.989Z,12,-34.11,-38.98,151.48,0,7
1771749719089,2026-02-22T08:41:59.089Z,12,-42.99,30.14,60.08,0,7
1771749721189,2026-02-22T08:42:01.189Z,12,7.1,1.41,-110.94,1,7
1771749723289,2026-02-22T08:42:03.289Z,12,41.93,-32.31,-71.66,0,7
1771749725389,2026-02-22T08:42:05.389Z,12,-32.6,-28.6,28.79,0,7
1771749727489,2026-02-22T08:42:07.489Z,12,36.04,-30.22,105.74,0,7
1771749729589,2026-02-22T08:42:09.589Z,12,-41.47,30.31,47.86,0,7
1771749731689,2026-02-22T08:42:11.689Z,12,11.46,6.53,62.21,1,7
1771749733789,2026-02-22T08:42:13.789Z,12,-10.83,-12.36,-91.86,1,7
1771749735889,2026-02-22T08:42:15.889Z,12,-36.39,-34.37,-41.77,0,7
1771749737989,2026-02-22T08:42:17.989Z,12,-12.69,4.88,141.36,1,7
1771749740089,2026-02-22T08:42:20.089Z,12,-44.46,-23.52,164.87,0,7
1771749742189,2026-02-22T08:42:22.189Z,12,-38.94,-29.13,108.51,0,7
1771749744289,2026-02-22T08:42:24.289Z,12,48.75,32.25,78.94,0,7
1771749746389,2026-02-22T08:42:26.389Z,12,47.43,29.0,90.64,0,7
1771749748489,2026-02-22T08:42:28.489Z,12,44.15,32.53,-81.14,0,7
1771749750589,2026-02-22T08:42:30.589Z,12,-7.71,-5.94,-64.9,1,7
1771749706489,2026-02-22T08:41:46.489Z,13,-12.5,-7.44,-30.65,1,4
1771749708589,2026-02-22T08:41:48.589Z,13,-1.23,-11.38,119.84,1,4
1771749710689,2026-02-22T08:41:50.689Z,13,9.71,11.6,-172.97,1,4
1771749712789,2026-02-22T08:41:52.789Z,13,36.92,25.97,-39.6,0,4
1771749714889,2026-02-22T08:41:54.889Z,13,38.46,-29.76,-81.74,0,4
1771749716989,2026-02-22T08:41:56.989Z,13,33.4,34.48,122.58,0,4
1771749719089,2026-02-22T08:41:59.089Z,13,-47.67,-21.68,-25.7,0,4
1771749721189,2026-02-22T08:42:01.189Z,13,-26.26,26.55,-16.31,0,4
1771749723289,2026-02-22T08:42:03.289Z,13,13.67,-5.77,162.43,1,4
1771749725389,2026-02-22T08:42:05.389Z,13,12.06,-0.77,89.65,1,4
1771749727489,2026-02-22T08:42:07.489Z,13,16.27,-7.17,-155.3,1,4
1771749729589,2026-02-22T08:42:09.589Z,13,-43.86,-23.99,-172.66,0,4
1771749731689,2026-02-22T08:42:11.689Z,13,-13.46,4.41,23.03,1,4
1771749733789,2026-02-22T08:42:13.789Z,13,7.18,6.94,-119.6,1,4
1771749735889,2026-02-22T08:42:15.889Z,13,-44.44,-39.29,-141.08,0,4
1771749737989,2026-02-22T08:42:17.989Z,13,-6.77,4.61,164.94,1,4
1771749740089,2026-02-22T08:42:20.089Z,13,7.74,-11.02,68.62,1,4
1771749742189,2026-02-22T08:42:22.189Z,13,-42.43,37.01,36.15,0,4
1771749744289,2026-02-22T08:42:24.289Z,13,17.42,7.35,-55.01,1,4
1771749746389,2026-02-22T08:42:26.389Z,13,-4.66,0.15,-57.16,1,4
1771749748489,2026-02-22T08:42:28.489Z,13,27.64,32.71,118.33,0,4
1771749750589,2026-02-22T08:42:30.589Z,13,29.4,32.32,151.06,0,4
1771749752689,2026-02-22T08:42:32.689Z,13,35.89,26.45,-91.62,0,4
1771749754789,2026-02-22T08:42:34.789Z,13,47.04,-35.01,25.15,0,4
1771749756889,2026-02-22T08:42:36.889Z,13,25.72,23.64,-103.64,0,4
1771749758989,2026-02-22T08:42:38.989Z,13,31.99,31.12,5.99,0,4
1771749761089,2026-02-22T08:42:41.089Z,13,-9.31,-2.43,19.86,1,4
1771749706489,2026-02-22T08:41:46.489Z,13,36.2,-21.86,-100.23,0,5
1771749708589,2026-02-22T08:41:48.589Z,13,41.6,29.47,11.13,0,5
1771749710689,2026-02-22T08:41:50.689Z,13,8.85,-4.4,73.03,1,5
1771749712789,2026-02-22T08:41:52.789Z,13,-8.95,-9.86,-110.67,1,5
1771749714889,2026-02-22T08:41:54.889Z,13,1.29,6.82,-113.35,1,5
1771749716989,2026-02-22T08:41:56.989Z,13,-0.57,5.84,171.58,1,5
1771749719089,2026-02-22T08:41:59.089Z,13,-7.81,-10.39,-110.12,1,5
1771749721189,2026-02-22T08:42:01.189Z,13,-11.54,-12.63,12.29,1,5
1771749723289,2026-02-22T08:42:03.289Z,13,17.07,1.39,71.07,1,5
1771749725389,2026-02-22T08:42:05.389Z,13,13.26,-0.24,134.18,1,5
1771749727489,2026-02-22T08:42:07.489Z,13,36.97,23.69,-161.5,0,5
1771749729589,2026-02-22T08:42:09.589Z,13,27.85,-28.01,-153.33,0,5
1771749731689,2026-02-22T08:42:11.689Z,13,-28.79,21.7,-90.65,0,5
1771749733789,2026-02-22T08:42:13.789Z,13,40.16,-35.51,-43.06,0,5
1771749735889,2026-02-22T08:42:15.889Z,13,46.5,26.11,43.57,0,5
1771749737989,2026-02-22T08:42:17.989Z,13,-48.69,-32.51,-84.73,0,5
1771749740089,2026-02-22T08:42:20.089Z,13,-9.36,1.35,-123.65,1,5
1771749742189,2026-02-22T08:42:22.189Z,13,6.82,-0.78,-168.25,1,5
1771749744289,2026-02-22T08:42:24.289Z,13,-7.82,9.35,-154.38,1,5
1771749746389,2026-02-22T08:42:26.389Z,13,-8.48,7.57,32.32,1,5
1771749748489,2026-02-22T08:42:28.489Z,13,-35.63,-32.95,147.03,0,5
1771749750589,2026-02-22T08:42:30.589Z,13,-26.49,31.9,116.73,0,5
1771749752689,2026-02-22T08:42:32.689Z,13,28.11,33.99,159.36,0,5
1771749754789,2026-02-22T08:42:34.789Z,13,-0.22,-10.91,-165.65,1,5
1771749756889,2026-02-22T08:42:36.889Z,13,-6.4,-6.49,-147.12,1,5
1771749758989,2026-02-22T08:42:38.989Z,13,-49.99,31.52,94.72,0,5
1771749761089,2026-02-22T08:42:41.089Z,13,0.68,-1.5,-79.86,1,5
1771749706489,2026-02-22T08:41:46.489Z,13,33.7,26.42,-142.34,0,6
1771749708589,2026-02-22T08:41:48.589Z,13,-3.18,-0.12,58.53,1,6
1771749710689,2026-02-22T08:41:50.689Z,13,9.38,-12.05,-148.3,1,6
1771749712789,2026-02-22T08:41:52.789Z,13,-13.83,7.09,131.37,1,6
1771749714889,2026-02-22T08:41:54.889Z,13,-41.44,28.26,-112.47,0,6
1771749716989,2026-02-22T08:41:56.989Z,13,9.23,3.26,93.6,1,6
1771749719089,2026-02-22T08:41:59.089Z,13,1.77,11.12,-22.28,1,6
1771749721189,2026-02-22T08:42:01.189Z,13,-25.72,-34.2,-68.13,0,6
1771749723289,2026-02-22T08:42:03.289Z,13,-3.31,-7.16,122.91,1,6
1771749725389,2026-02-22T08:42:05.389Z,13,16.09,3.84,-124.57,1,6
1771749727489,2026-02-22T08:42:07.489Z,13,37.72,28.31,-6.3,0,6
1771749729589,2026-02-22T08:42:09.589Z,13,-1.56,-9.24,-111.38,1,6
1771749731689,2026-02-22T08:42:11.689Z,13,-46.6,35.45,127.59,0,6
1771749733789,2026-02-22T08:42:13.789Z,13,10.36,-6.05,-179.08,1,6
1771749735889,2026-02-22T08:42:15.889Z,13,46.63,30.77,-55.76,0,6
1771749737989,2026-02-22T08:42:17.989Z,13,1.56,-1.16,-64.16,1,6
1771749740089,2026-02-22T08:42:20.089Z,13,7.11,1.87,-95.92,1,6
1771749742189,2026-02-22T08:42:22.189Z,13,-32.95,34.1,112.11,0,6
1771749744289,2026-02-22T08:42:24.289Z,13,5.89,8.34,173.09,1,6
1771749746389,2026-02-22T08:42:26.389Z,13,-16.67,0.06,32.46,1,6
1771749748489,2026-02-22T08:42:28.489Z,13,27.49,20.31,-128.1,0,6
1771749750589,2026-02-22T08:42:30.589Z,13,-26.87,26.77,69.37,0,6
1771749752689,2026-02-22T08:42:32.689Z,13,46.31,39.08,45.65,0,6
1771749754789,2026-02-22T08:42:34.789Z,13,46.81,-32.35,-95.48,0,6
1771749756889,2026-02-22T08:42:36.889Z,13,49.94,-28.68,-144.56,0,6
1771749758989,2026-02-22T08:42:38.989Z,13,-36.09,38.07,-163.44,0,6
1771749761089,2026-02-22T08:42:41.089Z,13,33.96,22.91,11.22,0,6
1771749763189,2026-02-22T08:42:43.189Z,13,-29.25,-32.19,-42.28,0,6
1771749765289,2026-02-22T08:42:45.289Z,13,47.82,-24.64,49.65,0,6
1771749767389,2026-02-22T08:42:47.389Z,13,6.01,10.37,-12.51,1,6
1771749769489,2026-02-22T08:42:49.489Z,13,1.68,-11.08,160.28,1,6
1771749771589,2026-02-22T08:42:51.589Z,13,40.97,33.81,-15.54,0,6
1771749773689,2026-02-22T08:42:53.689Z,13,17.98,9.19,-141.6,1,6
1771749775789,2026-02-22T08:42:55.789Z,13,-5.08,-5.31,71.74,1,6
1771749777889,2026-02-22T08:42:57.889Z,13,11.88,-2.71,-177.08,1,6
1771749706489,2026-02-22T08:41:46.489Z,13,-47.77,36.66,145.06,0,7
1771749708589,2026-02-22T08:41:48.589Z,13,-40.18,24.38,-111.55,0,7
1771749710689,2026-02-22T08:41:50.689Z,13,9.2,6.95,65.11,1,7
1771749712789,2026-02-22T08:41:52.789Z,13,-14.5,3.31,-165.81,1,7
1771749714889,2026-02-22T08:41:54.889Z,13,-39.49,-21.8,-73.76,0,7
1771749716989,2026-02-22T08:41:56.989Z,13,-30.02,30.62,148.86,0,7
1771749719089,2026-02-22T08:41:59.089Z,13,47.85,39.35,-73.75,0,7
1771749721189,2026-02-22T08:42:01.189Z,13,-36.71,-22.82,167.94,0,7
1771749723289,2026-02-22T08:42:03.289Z,13,49.18,21.81,-37.95,0,7
1771749725389,2026-02-22T08:42:05.389Z,13,-13.55,-3.42,89.64,1,7
1771749727489,2026-02-22T08:42:07.489Z,13,-4.28,3.6,-46.27,1,7
1771749729589,2026-02-22T08:42:09.589Z,13,25.63,38.31,-100.31,0,7
1771749731689,2026-02-22T08:42:11.689Z,13,11.66,10.64,-71.21,1,7
1771749733789,2026-02-22T08:42:13.789Z,13,-12.97,11.6,-70.43,1,7
1771749735889,2026-02-22T08:42:15.889Z,13,-14.5,10.07,-131.16,1,7
1771749737989,2026-02-22T08:42:17.989Z,13,6.14,6.32,160.55,1,7
1771749740089,2026-02-22T08:42:20.089Z,13,8.72,-8.98,-30.64,1,7
1771749742189,2026-02-22T08:42:22.189Z,13,-0.38,-2.39,162.55,1,7
1771749744289,2026-02-22T08:42:24.289Z,13,-4.66,-1.47,162.2,1,7
1771749746389,2026-02-22T08:42:26.389Z,13,-49.52,30.89,172.02,0,7
1771749748489,2026-02-22T08:42:28.489Z,13,-3.67,-8.06,-136.02,1,7
1771749750589,2026-02-22T08:42:30.589Z,13,27.29,-32.83,34.97,0,7
1771749752689,2026-02-22T08:42:32.689Z,13,10.32,-6.67,-134.67,1,7
1771749754789,2026-02-22T08:42:34.789Z,13,-45.75,-31.73,112.7,0,7
1771749756889,2026-02-22T08:42:36.889Z,13,9.88,7.5,34.55,1,7
1771749758989,2026-02-22T08:42:38.989Z,13,17.43,12.68,14.48,1,7
1771749761089,2026-02-22T08:42:41.089Z,13,-41.53,-22.64,-51.03,0,7
1771749763189,2026-02-22T08:42:43.189Z,13,25.39,21.05,87.02,0,7
1771749765289,2026-02-22T08:42:45.289Z,13,-36.91,30.26,-140.74,0,7
1771749767389,2026-02-22T08:42:47.389Z,13,16.03,-11.87,101.96,1,7
1771749769489,2026-02-22T08:42:49.489Z,13,36.45,-21.22,-7.57,0,7
1771749771589,2026-02-22T08:42:51.589Z,13,6.7,-0.25,147.49,1,7
1771749773689,2026-02-22T08:42:53.689Z,13,-15.09,2.82,-156.35,1,7
1771749775789,2026-02-22T08:42:55.789Z,13,4.79,1.26,-62.93,1,7
1771749777889,2026-02-22T08:42:57.889Z,13,36.34,21.98,72.64,0,7
1771749779989,2026-02-22T08:42:59.989Z,13,-35.75,-28.28,117.87,0,7
1771749782089,2026-02-22T08:43:02.089Z,13,8.27,-4.87,-67.49,1,7
1771749784189,2026-02-22T08:43:04.189Z,13,16.33,4.86,-9.26,1,7
1771749786289,2026-02-22T08:43:06.289Z,13,-14.93,-1.77,88.05,1,7
1771749788389,2026-02-22T08:43:08.389Z,13,-13.32,-11.44,164.38,1,7
1771749790489,2026-02-22T08:43:10.489Z,13,-35.27,37.36,79.58,0,7
1771749706489,2026-02-22T08:41:46.489Z,14,0.27,-8.98,-6.41,1,4
1771749708589,2026-02-22T08:41:48.589Z,14,46.13,22.3,-79.72,0,4
1771749710689,2026-02-22T08:41:50.689Z,14,-2.55,1.59,96.28,1,4
1771749712789,2026-02-22T08:41:52.789Z,14,-40.22,20.58,-81.62,0,4
1771749714889,2026-02-22T08:41:54.889Z,14,33.78,-37.4,23.88,0,4
1771749716989,2026-02-22T08:41:56.989Z,14,-12.89,3.46,-168.96,1,4
1771749719089,2026-02-22T08:41:59.089Z,14,-34.4,26.82,-46.78,0,4
1771749721189,2026-02-22T08:42:01.189Z,14,-47.08,-23.15,42.42,0,4
1771749723289,2026-02-22T08:42:03.289Z,14,36.08,29.71,-20.86,0,4
1771749725389,2026-02-22T08:42:05.389Z,14,9.18,-10.04,-25.23,1,4
1771749727489,2026-02-22T08:42:07.489Z,14,6.43,-0.35,60.17,1,4
1771749729589,2026-02-22T08:42:09.589Z,14,-3.77,2.58,-177.23,1,4
1771749731689,2026-02-22T08:42:11.689Z,14,-10.4,-9.43,-88.01,1,4
1771749733789,2026-02-22T08:42:13.789Z,14,-17.72,6.42,-116.75,1,4
1771749735889,2026-02-22T08:42:15.889Z,14,7.33,0.01,120.01,1,4
1771749737989,2026-02-22T08:42:17.989Z,14,-34.93,-28.72,-14.49,0,4
1771749740089,2026-02-22T08:42:20.089Z,14,-6.73,-1.84,-34.41,1,4
1771749742189,2026-02-22T08:42:22.189Z,14,27.88,-39.32,-118.13,0,4
1771749744289,2026-02-22T08:42:24.289Z,14,45.8,21.76,124.01,0,4
1771749746389,2026-02-22T08:42:26.389Z,14,3.2,0.62,-37.52,1,4
1771749748489,2026-02-22T08:42:28.489Z,14,-5.78,-4.34,-119.47,1,4
1771749750589,2026-02-22T08:42:30.589Z,14,-13.9,0.26,146.13,1,4
1771749752689,2026-02-22T08:42:32.689Z,14,8.19,8.29,113.41,1,4
1771749754789,2026-02-22T08:42:34.789Z,14,-12.73,-7.87,36.86,1,4
1771749756889,2026-02-22T08:42:36.889Z,14,-29.43,29.28,22.94,0,4
1771749758989,2026-02-22T08:42:38.989Z,14,46.61,23.02,-155.42,0,4
1771749761089,2026-02-22T08:42:41.089Z,14,-7.1,-5.86,-159.78,1,4
1771749763189,2026-02-22T08:42:43.189Z,14,-6.83,-1.25,-159.52,1,4
1771749765289,2026-02-22T08:42:45.289Z,14,-41.12,-32.3,2.54,0,4
1771749767389,2026-02-22T08:42:47.389Z,14,1.96,7.59,142.52,1,4
1771749769489,2026-02-22T08:42:49.489Z,14,11.15,3.95,-64.25,1,4
1771749706489,2026-02-22T08:41:46.489Z,14,16.48,-1.29,111.95,1,5
1771749708589,2026-02-22T08:41:48.589Z,14,-37.61,-20.78,74.74,0,5
1771749710689,2026-02-22T08:41:50.689Z,14,-34.1,27.75,98.81,0,5
1771749712789,2026-02-22T08:41:52.789Z,14,-44.73,21.32,-145.98,0,5
1771749714889,2026-02-22T08:41:54.889Z,14,31.3,-26.67,29.79,0,5
1771749716989,2026-02-22T08:41:56.989Z,14,-5.41,12.16,71.45,1,5
1771749719089,2026-02-22T08:41:59.089Z,14,3.42,11.39,-68.55,1,5
1771749721189,2026-02-22T08:42:01.189Z,14,10.5,8.14,61.24,1,5
1771749723289,2026-02-22T08:42:03.289Z,14,-41.15,30.17,-173.44,0,5
1771749725389,2026-02-22T08:42:05.389Z,14,16.24,-4.11,95.82,1,5
1771749727489,2026-02-22T08:42:07.489Z,14,18.0,-8.97,-73.51,1,5
1771749729589,2026-02-22T08:42:09.589Z,14,-41.55,-31.94,-124.47,0,5
1771749731689,2026-02-22T08:42:11.689Z,14,6.94,3.24,144.96,1,5
1771749733789,2026-02-22T08:42:13.789Z,14,-35.27,-39.39,39.81,0,5
1771749735889,2026-02-22T08:42:15.889Z,14,30.85,-26.19,111.1,0,5
1771749737989,2026-02-22T08:42:17.989Z,14,12.06,-3.44,160.97,1,5
1771749740089,2026-02-22T08:42:20.089Z,14,44.24,30.06,-29.28,0,5
1771749742189,2026-02-22T08:42:22.189Z,14,-10.81,2.72,134.28,1,5
1771749744289,2026-02-22T08:42:24.289Z,14,-0.7,-3.35,156.35,1,5
1771749746389,2026-02-22T08:42:26.389Z,14,-32.13,-25.46,145.91,0,5
1771749748489,2026-02-22T08:42:28.489Z,14,-2.25,11.61,-100.07,1,5
1771749750589,2026-02-22T08:42:30.589Z,14,-5.41,-12.31,-160.83,1,5
1771749752689,2026-02-22T08:42:32.689Z,14,-9.51,12.86,-45.03,1,5
1771749754789,2026-02-22T08:42:34.789Z,14,15.51,8.82,53.99,1,5
1771749756889,2026-02-22T08:42:36.889Z,14,-25.96,33.92,-130.03,0,5
1771749758989,2026-02-22T08:42:38.989Z,14,40.38,-20.38,-102.36,0,5
1771749761089,2026-02-22T08:42:41.089Z,14,15.85,2.83,-27.63,1,5
1771749763189,2026-02-22T08:42:43.189Z,14,-32.53,-24.77,50.02,0,5
1771749765289,2026-02-22T08:42:45.289Z,14,-27.77,31.93,-174.08,0,5
1771749767389,2026-02-22T08:42:47.389Z,14,-42.96,28.58,41.33,0,5
1771749769489,2026-02-22T08:42:49.489Z,14,-3.0,4.27,-149.18,1,5
1771749771589,2026-02-22T08:42:51.589Z,14,-48.84,-27.81,-10.75,0,5
1771749773689,2026-02-22T08:42:53.689Z,14,31.34,-27.14,-155.68,0,5
1771749775789,2026-02-22T08:42:55.789Z,14,5.66,-10.3,29.49,1,5
1771749777889,2026-02-22T08:42:57.889Z,14,-26.11,36.27,-116.97,0,5
1771749706489,2026-02-22T08:41:46.489Z,14,-11.44,-9.49,77.78,1,6
1771749708589,2026-02-22T08:41:48.589Z,14,-32.34,-35.82,138.88,0,6
1771749710689,2026-02-22T08:41:50.689Z,14,-6.84,-2.65,113.55,1,6
1771749712789,2026-02-22T08:41:52.789Z,14,-16.68,3.82,-77.0,1,6
1771749714889,2026-02-22T08:41:54.889Z,14,-46.64,25.46,107.76,0,6
1771749716989,2026-02-22T08:41:56.989Z,14,-3.6,-1.57,164.33,1,6
1771749719089,2026-02-22T08:41:59.089Z,14,-11.27,4.99,-47.76,1,6
1771749721189,2026-02-22T08:42:01.189Z,14,45.03,21.58,36.88,0,6
1771749723289,2026-02-22T08:42:03.289Z,14,33.03,-26.56,-73.57,0,6
1771749725389,2026-02-22T08:42:05.389Z,14,7.84,-8.67,-20.19,1,6
1771749727489,2026-02-22T08:42:07.489Z,14,8.17,10.7,41.35,1,6
1771749729589,2026-02-22T08:42:09.589Z,14,5.02,7.58,-159.35,1,6
1771749731689,2026-02-22T08:42:11.689Z,14,34.08,-39.06,-128.6,0,6
1771749733789,2026-02-22T08:42:13.789Z,14,25.87,-24.72,52.26,0,6
1771749735889,2026-02-22T08:42:15.889Z,14,16.18,-12.16,-124.76,1,6
1771749737989,2026-02-22T08:42:17.989Z,14,-4.65,-1.46,-152.32,1,6
1771749740089,2026-02-22T08:42:20.089Z,14,-4.79,-4.83,-79.67,1,6
1771749742189,2026-02-22T08:42:22.189Z,14,-43.39,30.35,148.88,0,6
1771749744289,2026-02-22T08:42:24.289Z,14,9.9,5.3,-102.75,1,6
1771749746389,2026-02-22T08:42:26.389Z,14,30.0,-37.06,-17.26,0,6
1771749748489,2026-02-22T08:42:28.489Z,14,49.93,33.36,75.43,0,6
1771749750589,2026-02-22T08:42:30.589Z,14,-7.55,-5.2,-123.3,1,6
1771749752689,2026-02-22T08:42:32.689Z,14,-44.84,-22.43,-107.65,0,6
1771749754789,2026-02-22T08:42:34.789Z,14,10.45,-12.32,19.45,1,6
1771749756889,2026-02-22T08:42:36.889Z,14,10.93,1.34,40.3,1,6
1771749758989,2026-02-22T08:42:38.989Z,14,-6.87,12.99,78.79,1,6
1771749761089,2026-02-22T08:42:41.089Z,14,9.69,8.41,-153.45,1,6
1771749763189,2026-02-22T08:42:43.189Z,14,-36.25,22.57,118.46,0,6
1771749765289,2026-02-22T08:42:45.289Z,14,3.16,6.96,-133.55,1,6
1771749767389,2026-02-22T08:42:47.389Z,14,13.26,8.62,6.52,1,6
1771749769489,2026-02-22T08:42:49.489Z,14,-12.17,11.3,-98.83,1,6
1771749771589,2026-02-22T08:42:51.589Z,14,46.15,23.93,164.29,0,6
1771749773689,2026-02-22T08:42:53.689Z,14,4.5,2.98,-146.37,1,6
1771749775789,2026-02-22T08:42:55.789Z,14,-29.28,36.85,22.9,0,6
1771749777889,2026-02-22T08:42:57.889Z,14,-27.03,33.02,96.11,0,6
1771749779989,2026-02-22T08:42:59.989Z,14,5.0,-0.05,45.78,1,6
1771749782089,2026-02-22T08:43:02.089Z,14,16.44,-0.44,109.69,1,6
1771749784189,2026-02-22T08:43:04.189Z,14,36.34,-23.16,-30.38,0,6
1771749786289,2026-02-22T08:43:06.289Z,14,-5.75,-9.26,130.13,1,6
1771749788389,2026-02-22T08:43:08.389Z,14,17.57,-4.02,-36.46,1,6
1771749790489,2026-02-22T08:43:10.489Z,14,-32.98,22.45,-18.15,0,6
1771749792589,2026-02-22T08:43:12.589Z,14,-16.18,11.58,131.1,1,6
1771749706489,2026-02-22T08:41:46.489Z,14,13.15,-8.85,-62.12,1,7
1771749708589,2026-02-22T08:41:48.589Z,14,29.75,-29.97,5.3,0,7
1771749710689,2026-02-22T08:41:50.689Z,14,-6.89,-12.4,160.28,1,7
1771749712789,2026-02-22T08:41:52.789Z,14,-30.38,20.97,-78.71,0,7
1771749714889,2026-02-22T08:41:54.889Z,14,32.14,-36.94,-24.87,0,7
1771749716989,2026-02-22T08:41:56.989Z,14,44.1,20.9,-161.58,0,7
1771749719089,2026-02-22T08:41:59.089Z,14,38.83,-27.73,-17.87,0,7
1771749721189,2026-02-22T08:42:01.189Z,14,-28.22,-27.88,106.16,0,7
1771749723289,2026-02-22T08:42:03.289Z,14,15.8,6.63,-108.34,1,7
1771749725389,2026-02-22T08:42:05.389Z,14,-26.13,-34.27,109.43,0,7
1771749727489,2026-02-22T08:42:07.489Z,14,-40.16,-26.56,40.7,0,7
1771749729589,2026-02-22T08:42:09.589Z,14,17.66,6.22,-72.28,1,7
1771749731689,2026-02-22T08:42:11.689Z,14,11.82,0.84,75.15,1,7
1771749733789,2026-02-22T08:42:13.789Z,14,11.37,-3.42,62.57,1,7
1771749735889,2026-02-22T08:42:15.889Z,14,44.92,-31.94,-84.41,0,7
1771749737989,2026-02-22T08:42:17.989Z,14,-43.04,23.41,46.45,0,7
1771749740089,2026-02-22T08:42:20.089Z,14,28.69,-20.63,161.35,0,7
1771749742189,2026-02-22T08:42:22.189Z,14,-17.32,-4.84,-125.48,1,7
1771749744289,2026-02-22T08:42:24.289Z,14,37.55,37.46,84.9,0,7
1771749746389,2026-02-22T08:42:26.389Z,14,-13.03,-7.61,-62.98,1,7
1771749748489,2026-02-22T08:42:28.489Z,14,32.84,-29.19,11.93,0,7
1771749750589,2026-02-22T08:42:30.589Z,14,40.25,-39.15,-79.56,0,7
1771749752689,2026-02-22T08:42:32.689Z,14,15.89,12.54,97.62,1,7
1771749754789,2026-02-22T08:42:34.789Z,14,32.93,31.21,156.41,0,7
1771749756889,2026-02-22T08:42:36.889Z,14,28.05,37.92,-37.97,0,7
1771749758989,2026-02-22T08:42:38.989Z,14,9.83,-9.19,-164.86,1,7
1771749761089,2026-02-22T08:42:41.089Z,14,-33.66,33.12,89.04,0,7
1771749763189,2026-02-22T08:42:43.189Z,14,11.81,-5.95,22.33,1,7
1771749765289,2026-02-22T08:42:45.289Z,14,-14.07,6.26,-93.86,1,7
1771749767389,2026-02-22T08:42:47.389Z,14,14.59,-7.13,-96.18,1,7
1771749769489,2026-02-22T08:42:49.489Z,14,-6.11,-0.72,65.23,1,7
1771749771589,2026-02-22T08:42:51.589Z,14,16.72,12.43,-123.14,1,7
1771749773689,2026-02-22T08:42:53.689Z,14,36.94,-35.12,-76.59,0,7
1771749706489,2026-02-22T08:41:46.489Z,15,2.67,0.91,80.32,1,4
1771749708589,2026-02-22T08:41:48.589Z,15,-35.45,-38.68,-166.92,0,4
1771749710689,2026-02-22T08:41:50.689Z,15,29.66,37.53,-176.66,0,4
1771749712789,2026-02-22T08:41:52.789Z,15,-14.14,12.56,-77.56,1,4
1771749714889,2026-02-22T08:41:54.889Z,15,47.23,-37.02,-11.51,0,4
1771749716989,2026-02-22T08:41:56.989Z,15,-13.94,-8.78,-14.79,1,4
1771749719089,2026-02-22T08:41:59.089Z,15,-11.3,6.15,104.68,1,4
1771749721189,2026-02-22T08:42:01.189Z,15,9.26,-8.44,128.21,1,4
1771749723289,2026-02-22T08:42:03.289Z,15,37.88,-28.02,-145.66,0,4
1771749725389,2026-02-22T08:42:05.389Z,15,33.09,-20.14,-41.91,0,4
1771749727489,2026-02-22T08:42:07.489Z,15,-8.39,-4.43,29.69,1,4
1771749729589,2026-02-22T08:42:09.589Z,15,-8.58,-3.65,-94.93,1,4
1771749731689,2026-02-22T08:42:11.689Z,15,-1.25,-8.85,66.99,1,4
1771749733789,2026-02-22T08:42:13.789Z,15,42.26,27.35,-100.49,0,4
1771749735889,2026-02-22T08:42:15.889Z,15,28.83,28.32,17.72,0,4
1771749737989,2026-02-22T08:42:17.989Z,15,1.35,4.27,-101.37,1,4
1771749740089,2026-02-22T08:42:20.089Z,15,9.17,9.7,-150.53,1,4
1771749742189,2026-02-22T08:42:22.189Z,15,7.34,-10.97,23.1,1,4
1771749744289,2026-02-22T08:42:24.289Z,15,1.72,0.14,26.17,1,4
1771749746389,2026-02-22T08:42:26.389Z,15,-6.19,0.53,-138.15,1,4
1771749748489,2026-02-22T08:42:28.489Z,15,2.99,-10.64,3.74,1,4
1771749750589,2026-02-22T08:42:30.589Z,15,28.3,29.14,-159.21,0,4
1771749752689,2026-02-22T08:42:32.689Z,15,11.05,5.81,-37.46,1,4
1771749754789,2026-02-22T08:42:34.789Z,15,-39.46,-28.47,72.14,0,4
1771749756889,2026-02-22T08:42:36.889Z,15,-15.83,10.25,175.01,1,4
1771749758989,2026-02-22T08:42:38.989Z,15,-7.66,-8.32,-131.25,1,4
1771749761089,2026-02-22T08:42:41.089Z,15,8.25,12.06,-45.19,1,4
1771749763189,2026-02-22T08:42:43.189Z,15,46.74,27.51,65.78,0,4
1771749765289,2026-02-22T08:42:45.289Z,15,1.41,3.99,-54.8,1,4
1771749767389,2026-02-22T08:42:47.389Z,15,1.34,0.75,82.03,1,4
1771749769489,2026-02-22T08:42:49.489Z,15,-17.87,-12.41,-72.59,1,4
1771749771589,2026-02-22T08:42:51.589Z,15,1.6,0.83,116.41,1,4
1771749773689,2026-02-22T08:42:53.689Z,15,-5.54,-5.83,157.47,1,4
1771749775789,2026-02-22T08:42:55.789Z,15,-13.94,8.05,-29.07,1,4
1771749777889,2026-02-22T08:42:57.889Z,15,-31.02,-22.02,-167.91,0,4
1771749779989,2026-02-22T08:42:59.989Z,15,7.32,-11.73,86.59,1,4
1771749782089,2026-02-22T08:43:02.089Z,15,-9.56,-7.35,130.94,1,4
1771749784189,2026-02-22T08:43:04.189Z,15,0.14,-5.48,113.68,1,4
1771749786289,2026-02-22T08:43:06.289Z,15,39.44,24.74,135.45,0,4
1771749788389,2026-02-22T08:43:08.389Z,15,-35.34,21.22,161.47,0,4
1771749790489,2026-02-22T08:43:10.489Z,15,-40.65,31.12,-163.12,0,4
1771749792589,2026-02-22T08:43:12.589Z,15,5.16,-3.09,8.81,1,4
1771749794689,2026-02-22T08:43:14.689Z,15,-3.3,-5.2,-113.8,1,4
1771749796789,2026-02-22T08:43:16.789Z,15,-9.33,-7.14,128.71,1,4
1771749706489,2026-02-22T08:41:46.489Z,15,-39.06,31.15,-131.73,0,5
1771749708589,2026-02-22T08:41:48.589Z,15,-10.68,3.81,152.0,1,5
1771749710689,2026-02-22T08:41:50.689Z,15,-38.39,-21.03,-44.22,0,5
1771749712789,2026-02-22T08:41:52.789Z,15,-16.58,-11.11,109.67,1,5
1771749714889,2026-02-22T08:41:54.889Z,15,6.17,-7.36,-104.8,1,5
1771749716989,2026-02-22T08:41:56.989Z,15,48.93,-24.24,-111.59,0,5
1771749719089,2026-02-22T08:41:59.089Z,15,8.89,6.61,149.2,1,5
1771749721189,2026-02-22T08:42:01.189Z,15,7.34,-2.69,-93.84,1,5
1771749723289,2026-02-22T08:42:03.289Z,15,-7.81,-0.88,53.54,1,5
1771749725389,2026-02-22T08:42:05.389Z,15,-5.05,9.95,-12.24,1,5
1771749727489,2026-02-22T08:42:07.489Z,15,44.04,38.29,-46.55,0,5
1771749729589,2026-02-22T08:42:09.589Z,15,2.25,-7.25,-127.47,1,5
1771749731689,2026-02-22T08:42:11.689Z,15,15.65,2.06,-29.67,1,5
1771749733789,2026-02-22T08:42:13.789Z,15,-6.12,-3.12,120.01,1,5
1771749735889,2026-02-22T08:42:15.889Z,15,5.57,4.81,-87.36,1,5
1771749737989,2026-02-22T08:42:17.989Z,15,36.52,23.39,79.31,0,5
1771749740089,2026-02-22T08:42:20.089Z,15,15.01,1.1,51.05,1,5
1771749742189,2026-02-22T08:42:22.189Z,15,-16.78,9.01,160.27,1,5
1771749744289,2026-02-22T08:42:24.289Z,15,9.52,-2.28,123.32,1,5
1771749746389,2026-02-22T08:42:26.389Z,15,7.46,-12.76,2.06,1,5
1771749748489,2026-02-22T08:42:28.489Z,15,4.24,4.34,41.95,1,5
1771749750589,2026-02-22T08:42:30.589Z,15,-0.44,-12.83,18.59,1,5
1771749752689,2026-02-22T08:42:32.689Z,15,1.06,-5.86,171.89,1,5
1771749754789,2026-02-22T08:42:34.789Z,15,11.27,4.52,110.22,1,5
1771749706489,2026-02-22T08:41:46.489Z,15,-9.33,3.11,-89.13,1,6
1771749708589,2026-02-22T08:41:48.589Z,15,10.62,-10.95,165.35,1,6
1771749710689,2026-02-22T08:41:50.689Z,15,-9.24,5.13,-72.01,1,6
1771749712789,2026-02-22T08:41:52.789Z,15,-41.34,-21.87,-43.46,0,6
1771749714889,2026-02-22T08:41:54.889Z,15,-15.98,-12.75,-118.3,1,6
1771749716989,2026-02-22T08:41:56.989Z,15,-2.38,7.39,23.71,1,6
1771749719089,2026-02-22T08:41:59.089Z,15,-47.37,-24.6,144.46,0,6
1771749721189,2026-02-22T08:42:01.189Z,15,2.4,-5.95,152.7,1,6
1771749723289,2026-02-22T08:42:03.289Z,15,-7.91,1.12,56.92,1,6
1771749725389,2026-02-22T08:42:05.389Z,15,12.62,-12.59,-105.42,1,6
1771749727489,2026-02-22T08:42:07.489Z,15,11.54,8.34,154.39,1,6
1771749729589,2026-02-22T08:42:09.589Z,15,2.3,1.73,125.8,1,6
1771749731689,2026-02-22T08:42:11.689Z,15,1.46,-3.02,86.31,1,6
1771749733789,2026-02-22T08:42:13.789Z,15,-37.52,21.07,-22.65,0,6
1771749735889,2026-02-22T08:42:15.889Z,15,40.13,39.38,-62.5,0,6
1771749737989,2026-02-22T08:42:17.989Z,15,10.21,-1.29,-97.87,1,6
1771749740089,2026-02-22T08:42:20.089Z,15,-4.48,-8.17,30.92,1,6
1771749742189,2026-02-22T08:42:22.189Z,15,9.8,-5.32,-91.28,1,6
1771749744289,2026-02-22T08:42:24.289Z,15,-8.35,-3.12,102.2,1,6
1771749746389,2026-02-22T08:42:26.389Z,15,-3.97,-3.62,-147.05,1,6
1771749748489,2026-02-22T08:42:28.489Z,15,34.0,22.04,-148.57,0,6
1771749750589,2026-02-22T08:42:30.589Z,15,2.05,0.32,-142.81,1,6
1771749752689,2026-02-22T08:42:32.689Z,15,1.95,2.52,102.4,1,6
1771749706489,2026-02-22T08:41:46.489Z,15,-3.1,7.26,80.94,1,7
1771749708589,2026-02-22T08:41:48.589Z,15,17.74,-6.69,7.6,1,7
1771749710689,2026-02-22T08:41:50.689Z,15,-11.9,-6.01,-83.37,1,7
1771749712789,2026-02-22T08:41:52.789Z,15,-11.98,-5.82,-72.09,1,7
1771749714889,2026-02-22T08:41:54.889Z,15,31.29,-34.42,-1.51,0,7
1771749716989,2026-02-22T08:41:56.989Z,15,-1.52,-9.48,-177.56,1,7
1771749719089,2026-02-22T08:41:59.089Z,15,12.3,-3.12,130.39,1,7
1771749721189,2026-02-22T08:42:01.189Z,15,-2.5,8.41,54.37,1,7
1771749723289,2026-02-22T08:42:03.289Z,15,-7.18,2.68,70.31,1,7
1771749725389,2026-02-22T08:42:05.389Z,15,-11.61,-2.65,-65.11,1,7
1771749727489,2026-02-22T08:42:07.489Z,15,4.78,12.16,101.51,1,7
1771749729589,2026-02-22T08:42:09.589Z,15,-7.91,7.43,-48.59,1,7
1771749731689,2026-02-22T08:42:11.689Z,15,-39.81,-33.63,18.04,0,7
1771749733789,2026-02-22T08:42:13.789Z,15,48.57,-28.77,-75.12,0,7
1771749735889,2026-02-22T08:42:15.889Z,15,11.48,7.69,-32.71,1,7
1771749737989,2026-02-22T08:42:17.989Z,15,4.8,-6.71,57.12,1,7
1771749740089,2026-02-22T08:42:20.089Z,15,10.41,-11.08,176.65,1,7
1771749742189,2026-02-22T08:42:22.189Z,15,-3.57,0.17,151.34,1,7
1771749744289,2026-02-22T08:42:24.289Z,15,1.57,7.56,-50.57,1,7
1771749746389,2026-02-22T08:42:26.389Z,15,-27.73,-33.15,-52.2,0,7
1771749748489,2026-02-22T08:42:28.489Z,15,-16.41,12.57,63.89,1,7
1771749750589,2026-02-22T08:42:30.589Z,15,9.1,12.11,-25.04,1,7
1771749752689,2026-02-22T08:42:32.689Z,15,-8.69,0.28,6.77,1,7
1771749754789,2026-02-22T08:42:34.789Z,15,2.71,-1.41,-39.19,1,7
1771749756889,2026-02-22T08:42:36.889Z,15,-33.62,-29.66,-73.64,0,7
1771749758989,2026-02-22T08:42:38.989Z,15,-27.9,-26.97,-56.5,0,7
1771749761089,2026-02-22T08:42:41.089Z,15,33.71,-28.76,70.83,0,7
1771749763189,2026-02-22T08:42:43.189Z,15,-7.19,8.06,-138.57,1,7
1771749765289,2026-02-22T08:42:45.289Z,15,-41.93,-38.6,86.58,0,7
1771749767389,2026-02-22T08:42:47.389Z,15,1.87,-4.39,-26.51,1,7
1771749769489,2026-02-22T08:42:49.489Z,15,10.72,3.37,-112.9,1,7
1771749771589,2026-02-22T08:42:51.589Z,15,-3.76,6.17,137.92,1,7
1771749706489,2026-02-22T08:41:46.489Z,16,-31.96,-31.55,107.82,0,4
1771749708589,2026-02-22T08:41:48.589Z,16,-4.83,-7.88,-138.98,1,4
1771749710689,2026-02-22T08:41:50.689Z,16,38.19,31.94,40.07,0,4
1771749712789,2026-02-22T08:41:52.789Z,16,-5.47,8.98,42.25,1,4
1771749714889,2026-02-22T08:41:54.889Z,16,47.97,-33.44,-67.25,0,4
1771749716989,2026-02-22T08:41:56.989Z,16,-13.79,-3.29,-129.11,1,4
1771749719089,2026-02-22T08:41:59.089Z,16,3.47,1.94,-27.71,1,4
1771749721189,2026-02-22T08:42:01.189Z,16,1.35,10.9,155.05,1,4
1771749723289,2026-02-22T08:42:03.289Z,16,-11.99,-5.49,-112.64,1,4
1771749725389,2026-02-22T08:42:05.389Z,16,-46.64,-29.69,-109.75,0,4
1771749727489,2026-02-22T08:42:07.489Z,16,2.22,3.98,-32.71,1,4
1771749729589,2026-02-22T08:42:09.589Z,16,7.57,-1.46,-119.79,1,4
1771749731689,2026-02-22T08:42:11.689Z,16,10.65,-7.27,-168.23,1,4
1771749733789,2026-02-22T08:42:13.789Z,16,-7.61,7.3,23.63,1,4
1771749735889,2026-02-22T08:42:15.889Z,16,38.74,-31.45,-83.56,0,4
1771749737989,2026-02-22T08:42:17.989Z,16,17.67,1.09,92.44,1,4
1771749740089,2026-02-22T08:42:20.089Z,16,38.66,22.05,118.83,0,4
1771749742189,2026-02-22T08:42:22.189Z,16,46.87,-28.99,-54.51,0,4
1771749744289,2026-02-22T08:42:24.289Z,16,46.63,-35.51,-94.7,0,4
1771749746389,2026-02-22T08:42:26.389Z,16,46.53,23.32,-129.88,0,4
1771749706489,2026-02-22T08:41:46.489Z,16,-39.25,31.94,-119.38,0,5
1771749708589,2026-02-22T08:41:48.589Z,16,32.23,39.05,5.19,0,5
1771749710689,2026-02-22T08:41:50.689Z,16,-28.39,38.38,177.3,0,5
1771749712789,2026-02-22T08:41:52.789Z,16,-42.54,-24.99,76.1,0,5
1771749714889,2026-02-22T08:41:54.889Z,16,37.24,32.56,-44.94,0,5
1771749716989,2026-02-22T08:41:56.989Z,16,10.61,6.99,-34.97,1,5
1771749719089,2026-02-22T08:41:59.089Z,16,7.01,9.81,-16.31,1,5
1771749721189,2026-02-22T08:42:01.189Z,16,2.95,9.59,124.98,1,5
1771749723289,2026-02-22T08:42:03.289Z,16,17.0,3.51,71.02,1,5
1771749725389,2026-02-22T08:42:05.389Z,16,30.45,36.5,-1.9,0,5
1771749727489,2026-02-22T08:42:07.489Z,16,-7.79,1.23,-132.99,1,5
1771749729589,2026-02-22T08:42:09.589Z,16,47.35,-20.92,45.42,0,5
1771749731689,2026-02-22T08:42:11.689Z,16,-28.11,-28.83,-179.76,0,5
1771749733789,2026-02-22T08:42:13.789Z,16,-49.89,-37.64,-71.33,0,5
1771749735889,2026-02-22T08:42:15.889Z,16,27.33,25.01,-46.14,0,5
1771749737989,2026-02-22T08:42:17.989Z,16,-26.29,34.52,91.88,0,5
1771749740089,2026-02-22T08:42:20.089Z,16,-14.72,-10.53,-103.17,1,5
1771749742189,2026-02-22T08:42:22.189Z,16,3.37,0.51,-19.78,1,5
1771749744289,2026-02-22T08:42:24.289Z,16,-5.63,-9.86,129.72,1,5
1771749746389,2026-02-22T08:42:26.389Z,16,-0.8,-7.05,-147.84,1,5
1771749748489,2026-02-22T08:42:28.489Z,16,-14.28,-3.44,-72.27,1,5
1771749750589,2026-02-22T08:42:30.589Z,16,11.28,9.74,50.97,1,5
1771749752689,2026-02-22T08:42:32.689Z,16,-15.54,1.65,39.71,1,5
1771749754789,2026-02-22T08:42:34.789Z,16,-5.36,-7.46,89.38,1,5
1771749756889,2026-02-22T08:42:36.889Z,16,46.5,-37.93,-129.6,0,5
1771749758989,2026-02-22T08:42:38.989Z,16,8.28,-3.86,-25.42,1,5
1771749706489,2026-02-22T08:41:46.489Z,16,1.92,2.6,38.73,1,6
1771749708589,2026-02-22T08:41:48.589Z,16,-46.2,24.11,38.49,0,6
1771749710689,2026-02-22T08:41:50.689Z,16,-3.9,3.8,102.17,1,6
1771749712789,2026-02-22T08:41:52.789Z,16,-37.37,-24.82,49.71,0,6
1771749714889,2026-02-22T08:41:54.889Z,16,13.99,-12.69,-50.0,1,6
1771749716989,2026-02-22T08:41:56.989Z,16,-4.07,8.81,-28.49,1,6
1771749719089,2026-02-22T08:41:59.089Z,16,-11.78,-0.75,175.45,1,6
1771749721189,2026-02-22T08:42:01.189Z,16,3.15,-12.64,-102.33,1,6
1771749723289,2026-02-22T08:42:03.289Z,16,37.67,28.47,-35.18,0,6
1771749725389,2026-02-22T08:42:05.389Z,16,1.36,-9.03,-149.91,1,6
1771749727489,2026-02-22T08:42:07.489Z,16,15.15,12.33,-124.06,1,6
1771749729589,2026-02-22T08:42:09.589Z,16,3.11,6.84,53.94,1,6
1771749731689,2026-02-22T08:42:11.689Z,16,-6.83,-1.63,163.23,1,6
1771749733789,2026-02-22T08:42:13.789Z,16,-9.2,11.04,-138.24,1,6
1771749735889,2026-02-22T08:42:15.889Z,16,-16.02,4.32,56.9,1,6
1771749737989,2026-02-22T08:42:17.989Z,16,-17.54,-9.43,-175.91,1,6
1771749740089,2026-02-22T08:42:20.089Z,16,-5.52,0.45,116.1,1,6
1771749742189,2026-02-22T08:42:22.189Z,16,-4.61,6.49,134.45,1,6
1771749744289,2026-02-22T08:42:24.289Z,16,-44.29,-26.7,-25.44,0,6
1771749746389,2026-02-22T08:42:26.389Z,16,-8.53,12.35,45.91,1,6
1771749748489,2026-02-22T08:42:28.489Z,16,0.39,-11.56,129.37,1,6
1771749750589,2026-02-22T08:42:30.589Z,16,-12.34,7.11,141.94,1,6
1771749752689,2026-02-22T08:42:32.689Z,16,-13.85,6.26,-179.08,1,6
1771749754789,2026-02-22T08:42:34.789Z,16,-31.11,27.28,151.28,0,6
1771749756889,2026-02-22T08:42:36.889Z,16,16.57,-12.08,109.12,1,6
1771749758989,2026-02-22T08:42:38.989Z,16,30.61,-28.33,79.3,0,6
1771749761089,2026-02-22T08:42:41.089Z,16,-15.2,-3.31,0.73,1,6
1771749763189,2026-02-22T08:42:43.189Z,16,-30.58,-39.08,-155.19,0,6
1771749765289,2026-02-22T08:42:45.289Z,16,-7.84,8.97,-62.17,1,6
1771749767389,2026-02-22T08:42:47.389Z,16,-17.71,-7.78,22.97,1,6
1771749769489,2026-02-22T08:42:49.489Z,16,4.42,-0.94,33.01,1,6
1771749771589,2026-02-22T08:42:51.589Z,16,9.81,-7.92,144.16,1,6
1771749773689,2026-02-22T08:42:53.689Z,16,-28.76,20.48,14.96,0,6
1771749775789,2026-02-22T08:42:55.789Z,16,6.96,-12.75,-59.39,1,6
1771749777889,2026-02-22T08:42:57.889Z,16,46.23,22.08,10.73,0,6
1771749779989,2026-02-22T08:42:59.989Z,16,-0.29,-11.44,178.91,1,6
1771749782089,2026-02-22T08:43:02.089Z,16,-26.1,-37.95,7.11,0,6
1771749784189,2026-02-22T08:43:04.189Z,16,36.46,-31.62,1.95,0,6
1771749786289,2026-02-22T08:43:06.289Z,16,-3.8,2.39,-157.58,1,6
1771749788389,2026-02-22T08:43:08.389Z,16,-13.29,-5.42,126.33,1,6
1771749706489,2026-02-22T08:41:46.489Z,16,11.95,-4.52,-17.01,1,7
1771749708589,2026-02-22T08:41:48.589Z,16,15.97,-9.46,97.25,1,7
1771749710689,2026-02-22T08:41:50.689Z,16,-14.2,-1.31,-66.95,1,7
1771749712789,2026-02-22T08:41:52.789Z,16,-5.1,7.03,-17.31,1,7
1771749714889,2026-02-22T08:41:54.889Z,16,12.69,-10.65,110.73,1,7
1771749716989,2026-02-22T08:41:56.989Z,16,7.37,2.69,-102.59,1,7
1771749719089,2026-02-22T08:41:59.089Z,16,-27.28,-39.37,-37.35,0,7
1771749721189,2026-02-22T08:42:01.189Z,16,-7.24,8.32,-117.41,1,7
1771749723289,2026-02-22T08:42:03.289Z,16,38.9,-21.89,-143.31,0,7
1771749725389,2026-02-22T08:42:05.389Z,16,-25.3,-22.61,116.52,0,7
1771749727489,2026-02-22T08:42:07.489Z,16,4.69,3.76,29.64,1,7
1771749729589,2026-02-22T08:42:09.589Z,16,11.26,-12.43,-156.79,1,7
1771749731689,2026-02-22T08:42:11.689Z,16,45.23,-38.1,118.57,0,7
1771749733789,2026-02-22T08:42:13.789Z,16,-16.46,-1.01,-119.52,1,7
1771749735889,2026-02-22T08:42:15.889Z,16,11.58,-2.73,-169.39,1,7
1771749737989,2026-02-22T08:42:17.989Z,16,-11.78,-7.42,-112.63,1,7
1771749740089,2026-02-22T08:42:20.089Z,16,13.8,-12.1,42.9,1,7
1771749742189,2026-02-22T08:42:22.189Z,16,-7.38,-2.29,18.25,1,7
1771749744289,2026-02-22T08:42:24.289Z,16,-7.93,-9.43,-108.2,1,7
1771749746389,2026-02-22T08:42:26.389Z,16,-40.77,-39.79,101.49,0,7
1771749748489,2026-02-22T08:42:28.489Z,16,1.6,-0.4,148.56,1,7
1771749750589,2026-02-22T08:42:30.589Z,16,-4.02,-8.32,-65.2,1,7
1771749752689,2026-02-22T08:42:32.689Z,16,14.25,7.24,-158.91,1,7
1771749754789,2026-02-22T08:42:34.789Z,16,44.17,-39.48,-143.95,0,7
1771749756889,2026-02-22T08:42:36.889Z,16,-8.41,8.22,150.21,1,7
1771749758989,2026-02-22T08:42:38.989Z,16,17.87,-7.3,124.74,1,7
1771749761089,2026-02-22T08:42:41.089Z,16,48.38,-23.52,33.31,0,7
1771749763189,2026-02-22T08:42:43.189Z,16,47.85,-34.07,-53.39,0,7
1771749765289,2026-02-22T08:42:45.289Z,16,-12.88,11.66,121.21,1,7
1771749767389,2026-02-22T08:42:47.389Z,16,38.55,-29.81,-147.51,0,7
1771749769489,2026-02-22T08:42:49.489Z,16,-10.12,0.69,-179.75,1,7
1771749771589,2026-02-22T08:42:51.589Z,16,-45.16,34.34,150.76,0,7
1771749773689,2026-02-22T08:42:53.689Z,16,26.49,-31.73,150.2,0,7
1771749775789,2026-02-22T08:42:55.789Z,16,49.01,34.09,58.37,0,7
1771749777889,2026-02-22T08:42:57.889Z,16,-5.88,-4.61,171.31,1,7
1771749779989,2026-02-22T08:42:59.989Z,16,44.8,32.98,-117.29,0,7
1771749782089,2026-02-22T08:43:02.089Z,16,30.58,-27.57,84.24,0,7
1771749784189,2026-02-22T08:43:04.189Z,16,-11.6,-12.95,72.72,1,7
1771749786289,2026-02-22T08:43:06.289Z,16,12.63,7.04,24.29,1,7
1771749788389,2026-02-22T08:43:08.389Z,16,-6.54,8.03,40.1,1,7
1771749790489,2026-02-22T08:43:10.489Z,16,-14.25,-0.1,-60.78,1,7
1771749792589,2026-02-22T08:43:12.589Z,16,-5.51,-4.69,49.03,1,7
1771749794689,2026-02-22T08:43:14.689Z,16,36.17,24.19,69.54,0,7
1771749796789,2026-02-22T08:43:16.789Z,16,10.33,5.73,-162.67,1,7
1771749798889,2026-02-22T08:43:18.889Z,16,-2.89,-8.68,-30.95,1,7
1771749706489,2026-02-22T08:41:46.489Z,17,-0.74,9.47,54.35,1,4
1771749708589,2026-02-22T08:41:48.589Z,17,-12.14,-11.08,124.47,1,4
1771749710689,2026-02-22T08:41:50.689Z,17,-6.53,11.74,-153.29,1,4
1771749712789,2026-02-22T08:41:52.789Z,17,-4.48,6.03,16.94,1,4
1771749714889,2026-02-22T08:41:54.889Z,17,-33.45,34.09,-24.72,0,4
1771749716989,2026-02-22T08:41:56.989Z,17,3.86,-1.71,-160.72,1,4
1771749719089,2026-02-22T08:41:59.089Z,17,17.08,-2.36,19.48,1,4
1771749721189,2026-02-22T08:42:01.189Z,17,41.51,24.75,-162.13,0,4
1771749723289,2026-02-22T08:42:03.289Z,17,12.23,-9.01,-50.1,1,4
1771749725389,2026-02-22T08:42:05.389Z,17,-7.4,4.21,36.08,1,4
1771749727489,2026-02-22T08:42:07.489Z,17,-17.07,-8.56,-74.95,1,4
1771749729589,2026-02-22T08:42:09.589Z,17,12.38,-4.98,-36.91,1,4
1771749731689,2026-02-22T08:42:11.689Z,17,5.8,-10.63,15.89,1,4
1771749733789,2026-02-22T08:42:13.789Z,17,13.88,-3.4,-19.52,1,4
1771749735889,2026-02-22T08:42:15.889Z,17,-1.26,-7.12,-83.32,1,4
1771749737989,2026-02-22T08:42:17.989Z,17,9.08,4.35,-149.15,1,4
1771749740089,2026-02-22T08:42:20.089Z,17,1.49,12.24,32.3,1,4
1771749742189,2026-02-22T08:42:22.189Z,17,12.27,8.28,-29.29,1,4
1771749744289,2026-02-22T08:42:24.289Z,17,13.21,-0.65,137.4,1,4
1771749746389,2026-02-22T08:42:26.389Z,17,-15.16,10.47,77.15,1,4
1771749748489,2026-02-22T08:42:28.489Z,17,14.42,7.81,63.91,1,4
1771749750589,2026-02-22T08:42:30.589Z,17,-13.67,6.69,-117.76,1,4
1771749752689,2026-02-22T08:42:32.689Z,17,-45.21,-20.85,-151.79,0,4
1771749754789,2026-02-22T08:42:34.789Z,17,-10.73,8.39,-126.76,1,4
1771749756889,2026-02-22T08:42:36.889Z,17,-6.49,5.9,110.64,1,4
1771749758989,2026-02-22T08:42:38.989Z,17,2.03,1.35,128.38,1,4
1771749761089,2026-02-22T08:42:41.089Z,17,15.02,-12.68,72.15,1,4
1771749763189,2026-02-22T08:42:43.189Z,17,10.14,-10.07,-126.13,1,4
1771749765289,2026-02-22T08:42:45.289Z,17,2.98,12.09,-143.93,1,4
1771749767389,2026-02-22T08:42:47.389Z,17,10.06,7.43,132.29,1,4
1771749769489,2026-02-22T08:42:49.489Z,17,31.6,31.44,-9.7,0,4
1771749771589,2026-02-22T08:42:51.589Z,17,-3.49,3.07,65.09,1,4
1771749706489,2026-02-22T08:41:46.489Z,17,14.02,-4.38,-94.47,1,5
1771749708589,2026-02-22T08:41:48.589Z,17,15.15,10.32,-172.72,1,5
1771749710689,2026-02-22T08:41:50.689Z,17,32.77,37.16,66.55,0,5
1771749712789,2026-02-22T08:41:52.789Z,17,-28.36,35.48,-64.49,0,5
1771749714889,2026-02-22T08:41:54.889Z,17,3.78,-10.68,-20.98,1,5
1771749716989,2026-02-22T08:41:56.989Z,17,43.52,36.42,5.5,0,5
1771749719089,2026-02-22T08:41:59.089Z,17,-6.8,0.18,-131.17,1,5
1771749721189,2026-02-22T08:42:01.189Z,17,-29.34,-36.74,-90.18,0,5
1771749723289,2026-02-22T08:42:03.289Z,17,15.05,5.32,-81.37,1,5
1771749725389,2026-02-22T08:42:05.389Z,17,40.89,-33.62,-92.9,0,5
1771749727489,2026-02-22T08:42:07.489Z,17,-1.94,11.97,-9.15,1,5
1771749729589,2026-02-22T08:42:09.589Z,17,-5.61,8.78,-86.88,1,5
1771749731689,2026-02-22T08:42:11.689Z,17,-32.13,20.99,127.38,0,5
1771749733789,2026-02-22T08:42:13.789Z,17,-10.28,-7.24,-98.96,1,5
1771749735889,2026-02-22T08:42:15.889Z,17,5.46,0.35,131.27,1,5
1771749737989,2026-02-22T08:42:17.989Z,17,-36.85,-32.95,36.41,0,5
1771749740089,2026-02-22T08:42:20.089Z,17,-8.91,7.93,-70.03,1,5
1771749742189,2026-02-22T08:42:22.189Z,17,35.6,37.03,-14.76,0,5
1771749744289,2026-02-22T08:42:24.289Z,17,-7.12,0.54,44.5,1,5
1771749746389,2026-02-22T08:42:26.389Z,17,-17.74,12.99,167.93,1,5
1771749748489,2026-02-22T08:42:28.489Z,17,32.46,-29.63,-58.94,0,5
1771749750589,2026-02-22T08:42:30.589Z,17,-6.3,-5.8,56.2,1,5
1771749752689,2026-02-22T08:42:32.689Z,17,29.71,-37.99,109.95,0,5
1771749754789,2026-02-22T08:42:34.789Z,17,41.51,-34.43,55.94,0,5
1771749756889,2026-02-22T08:42:36.889Z,17,47.67,27.77,-167.29,0,5
1771749758989,2026-02-22T08:42:38.989Z,17,2.59,-8.06,81.56,1,5
1771749761089,2026-02-22T08:42:41.089Z,17,1.25,7.41,146.35,1,5
1771749763189,2026-02-22T08:42:43.189Z,17,0.26,8.98,122.63,1,5
1771749765289,2026-02-22T08:42:45.289Z,17,-32.34,22.56,-86.89,0,5
1771749767389,2026-02-22T08:42:47.389Z,17,-48.67,33.09,-99.99,0,5
1771749769489,2026-02-22T08:42:49.489Z,17,13.37,-2.07,139.26,1,5
1771749771589,2026-02-22T08:42:51.589Z,17,3.08,-0.94,-137.6,1,5
1771749706489,2026-02-22T08:41:46.489Z,17,-15.44,10.13,0.17,1,6
1771749708589,2026-02-22T08:41:48.589Z,17,-4.26,-5.24,-160.54,1,6
1771749710689,2026-02-22T08:41:50.689Z,17,-13.05,-7.79,-32.69,1,6
1771749712789,2026-02-22T08:41:52.789Z,17,14.64,-1.1,-66.1,1,6
1771749714889,2026-02-22T08:41:54.889Z,17,10.04,-0.32,47.17,1,6
1771749716989,2026-02-22T08:41:56.989Z,17,4.84,-12.88,-81.53,1,6
1771749719089,2026-02-22T08:41:59.089Z,17,-11.93,6.88,-3.75,1,6
1771749721189,2026-02-22T08:42:01.189Z,17,-14.83,2.98,48.06,1,6
1771749723289,2026-02-22T08:42:03.289Z,17,16.75,-3.03,-166.42,1,6
1771749725389,2026-02-22T08:42:05.389Z,17,-4.57,-12.63,-64.0,1,6
1771749727489,2026-02-22T08:42:07.489Z,17,-11.14,4.6,45.61,1,6
1771749729589,2026-02-22T08:42:09.589Z,17,6.97,-4.05,-133.58,1,6
1771749731689,2026-02-22T08:42:11.689Z,17,3.19,-8.66,116.58,1,6
1771749733789,2026-02-22T08:42:13.789Z,17,-7.53,5.92,34.69,1,6
1771749735889,2026-02-22T08:42:15.889Z,17,13.97,12.88,-56.62,1,6
1771749737989,2026-02-22T08:42:17.989Z,17,-5.07,-8.1,161.31,1,6
1771749740089,2026-02-22T08:42:20.089Z,17,-3.48,-7.06,81.78,1,6
1771749742189,2026-02-22T08:42:22.189Z,17,8.43,2.33,-119.17,1,6
1771749744289,2026-02-22T08:42:24.289Z,17,5.42,-12.03,135.56,1,6
1771749746389,2026-02-22T08:42:26.389Z,17,1.25,-11.74,178.08,1,6
1771749748489,2026-02-22T08:42:28.489Z,17,5.53,-12.49,68.31,1,6
1771749750589,2026-02-22T08:42:30.589Z,17,-4.31,1.23,-9.22,1,6
1771749752689,2026-02-22T08:42:32.689Z,17,7.03,3.39,-71.6,1,6
1771749754789,2026-02-22T08:42:34.789Z,17,5.85,-5.98,38.03,1,6
1771749756889,2026-02-22T08:42:36.889Z,17,11.9,-10.27,78.76,1,6
1771749758989,2026-02-22T08:42:38.989Z,17,-13.9,-10.24,-108.49,1,6
1771749761089,2026-02-22T08:42:41.089Z,17,-8.53,0.6,-107.4,1,6
1771749763189,2026-02-22T08:42:43.189Z,17,-7.37,-11.98,-1.31,1,6
1771749765289,2026-02-22T08:42:45.289Z,17,15.59,-4.4,-179.01,1,6
1771749767389,2026-02-22T08:42:47.389Z,17,14.65,8.72,60.85,1,6
1771749769489,2026-02-22T08:42:49.489Z,17,-14.76,0.3,80.48,1,6
1771749771589,2026-02-22T08:42:51.589Z,17,-8.79,-6.99,175.92,1,6
1771749773689,2026-02-22T08:42:53.689Z,17,-1.29,-10.4,-117.11,1,6
1771749775789,2026-02-22T08:42:55.789Z,17,-7.54,7.84,-67.43,1,6
1771749777889,2026-02-22T08:42:57.889Z,17,-14.58,6.71,-163.48,1,6
1771749779989,2026-02-22T08:42:59.989Z,17,5.88,-8.57,-51.29,1,6
1771749782089,2026-02-22T08:43:02.089Z,17,4.39,9.84,-146.54,1,6
1771749784189,2026-02-22T08:43:04.189Z,17,-11.42,-2.58,166.43,1,6
1771749706489,2026-02-22T08:41:46.489Z,17,45.0,-22.26,70.62,0,7
1771749708589,2026-02-22T08:41:48.589Z,17,15.93,-8.86,-30.23,1,7
1771749710689,2026-02-22T08:41:50.689Z,17,10.88,4.64,-114.75,1,7
1771749712789,2026-02-22T08:41:52.789Z,17,-5.09,-12.25,66.41,1,7
1771749714889,2026-02-22T08:41:54.889Z,17,-37.08,22.26,-31.94,0,7
1771749716989,2026-02-22T08:41:56.989Z,17,-8.58,-4.83,73.64,1,7
1771749719089,2026-02-22T08:41:59.089Z,17,9.63,1.99,23.4,1,7
1771749721189,2026-02-22T08:42:01.189Z,17,37.98,-28.66,81.59,0,7
1771749723289,2026-02-22T08:42:03.289Z,17,5.89,3.68,-126.48,1,7
1771749725389,2026-02-22T08:42:05.389Z,17,-25.29,-30.11,-11.06,0,7
1771749727489,2026-02-22T08:42:07.489Z,17,-12.05,6.54,-64.57,1,7
1771749729589,2026-02-22T08:42:09.589Z,17,-7.99,0.18,18.18,1,7
1771749731689,2026-02-22T08:42:11.689Z,17,11.42,-10.95,-20.09,1,7
1771749733789,2026-02-22T08:42:13.789Z,17,-14.83,-0.04,-66.22,1,7
1771749735889,2026-02-22T08:42:15.889Z,17,-27.57,20.72,17.68,0,7
1771749737989,2026-02-22T08:42:17.989Z,17,47.25,-33.09,-15.77,0,7
1771749740089,2026-02-22T08:42:20.089Z,17,11.71,8.23,123.95,1,7
1771749742189,2026-02-22T08:42:22.189Z,17,9.63,2.6,78.0,1,7
1771749744289,2026-02-22T08:42:24.289Z,17,-1.71,-10.47,57.21,1,7
1771749746389,2026-02-22T08:42:26.389Z,17,-5.21,3.48,107.97,1,7
1771749748489,2026-02-22T08:42:28.489Z,17,-4.54,-10.24,142.88,1,7
1771749750589,2026-02-22T08:42:30.589Z,17,11.59,6.31,-32.68,1,7
1771749752689,2026-02-22T08:42:32.689Z,17,-10.95,-9.86,126.79,1,7
1771749754789,2026-02-22T08:42:34.789Z,17,11.68,-8.04,-58.34,1,7
1771749756889,2026-02-22T08:42:36.889Z,17,-16.33,3.46,61.97,1,7
1771749758989,2026-02-22T08:42:38.989Z,17,14.1,-1.11,32.15,1,7
1771749761089,2026-02-22T08:42:41.089Z,17,16.7,-12.89,85.04,1,7
1771749763189,2026-02-22T08:42:43.189Z,17,-2.42,2.21,152.77,1,7
1771749706489,2026-02-22T08:41:46.489Z,18,-27.59,30.08,-41.52,0,4
1771749708589,2026-02-22T08:41:48.589Z,18,-31.84,39.41,-16.98,0,4
1771749710689,2026-02-22T08:41:50.689Z,18,-3.14,5.2,89.43,1,4
1771749712789,2026-02-22T08:41:52.789Z,18,7.25,9.38,76.27,1,4
1771749714889,2026-02-22T08:41:54.889Z,18,-30.02,33.73,151.63,0,4
1771749716989,2026-02-22T08:41:56.989Z,18,7.57,12.35,-115.99,1,4
1771749719089,2026-02-22T08:41:59.089Z,18,42.76,31.25,29.81,0,4
1771749721189,2026-02-22T08:42:01.189Z,18,41.86,37.55,-27.94,0,4
1771749723289,2026-02-22T08:42:03.289Z,18,-14.17,-3.1,-160.9,1,4
1771749725389,2026-02-22T08:42:05.389Z,18,-8.39,7.42,174.07,1,4
1771749727489,2026-02-22T08:42:07.489Z,18,-45.98,24.08,14.82,0,4
1771749729589,2026-02-22T08:42:09.589Z,18,-1.71,3.02,63.19,1,4
1771749731689,2026-02-22T08:42:11.689Z,18,-43.56,24.75,102.35,0,4
1771749733789,2026-02-22T08:42:13.789Z,18,42.32,-38.53,-40.48,0,4
1771749735889,2026-02-22T08:42:15.889Z,18,49.15,-20.26,-89.52,0,4
1771749737989,2026-02-22T08:42:17.989Z,18,45.75,35.1,16.78,0,4
1771749740089,2026-02-22T08:42:20.089Z,18,-32.35,-39.67,-153.19,0,4
1771749742189,2026-02-22T08:42:22.189Z,18,-34.43,25.58,-84.87,0,4
1771749744289,2026-02-22T08:42:24.289Z,18,12.46,-12.85,-12.12,1,4
1771749746389,2026-02-22T08:42:26.389Z,18,-28.84,31.94,98.52,0,4
1771749748489,2026-02-22T08:42:28.489Z,18,37.26,21.46,74.77,0,4
1771749750589,2026-02-22T08:42:30.589Z,18,-38.02,-28.32,13.33,0,4
1771749752689,2026-02-22T08:42:32.689Z,18,-10.04,-7.45,-60.52,1,4
1771749754789,2026-02-22T08:42:34.789Z,18,-10.14,6.57,10.98,1,4
1771749756889,2026-02-22T08:42:36.889Z,18,-27.87,28.91,145.62,0,4
1771749758989,2026-02-22T08:42:38.989Z,18,-48.97,27.63,106.63,0,4
1771749761089,2026-02-22T08:42:41.089Z,18,-8.76,5.82,-171.11,1,4
1771749763189,2026-02-22T08:42:43.189Z,18,37.86,29.74,-73.28,0,4
1771749765289,2026-02-22T08:42:45.289Z,18,37.85,-23.35,164.26,0,4
1771749767389,2026-02-22T08:42:47.389Z,18,-40.67,-33.41,98.49,0,4
1771749769489,2026-02-22T08:42:49.489Z,18,45.89,-30.76,72.99,0,4
1771749771589,2026-02-22T08:42:51.589Z,18,41.16,-34.94,-124.65,0,4
1771749773689,2026-02-22T08:42:53.689Z,18,-6.06,-10.72,-160.46,1,4
1771749775789,2026-02-22T08:42:55.789Z,18,-39.37,-38.22,-33.25,0,4
1771749777889,2026-02-22T08:42:57.889Z,18,-3.44,-4.77,-39.78,1,4
1771749779989,2026-02-22T08:42:59.989Z,18,-17.79,5.73,-157.23,1,4
1771749782089,2026-02-22T08:43:02.089Z,18,-42.52,-27.15,1.02,0,4
1771749784189,2026-02-22T08:43:04.189Z,18,6.69,2.77,-78.65,1,4
1771749786289,2026-02-22T08:43:06.289Z,18,34.88,-29.48,12.05,0,4
1771749788389,2026-02-22T08:43:08.389Z,18,-3.92,7.73,16.46,1,4
1771749790489,2026-02-22T08:43:10.489Z,18,-32.45,39.15,-175.99,0,4
1771749792589,2026-02-22T08:43:12.589Z,18,-28.08,-31.45,-38.13,0,4
1771749706489,2026-02-22T08:41:46.489Z,18,30.25,24.23,146.03,0,5
1771749708589,2026-02-22T08:41:48.589Z,18,-29.02,-32.34,-89.01,0,5
1771749710689,2026-02-22T08:41:50.689Z,18,6.16,1.75,-160.42,1,5
1771749712789,2026-02-22T08:41:52.789Z,18,41.12,-25.81,-155.75,0,5
1771749714889,2026-02-22T08:41:54.889Z,18,8.12,-0.33,-60.89,1,5
1771749716989,2026-02-22T08:41:56.989Z,18,5.6,-10.4,43.03,1,5
1771749719089,2026-02-22T08:41:59.089Z,18,37.15,32.33,-69.96,0,5
1771749721189,2026-02-22T08:42:01.189Z,18,45.19,23.37,-67.24,0,5
1771749723289,2026-02-22T08:42:03.289Z,18,31.92,22.69,83.87,0,5
1771749725389,2026-02-22T08:42:05.389Z,18,36.13,29.74,-140.82,0,5
1771749727489,2026-02-22T08:42:07.489Z,18,-46.04,-37.83,-109.28,0,5
1771749729589,2026-02-22T08:42:09.589Z,18,-43.19,-36.99,47.39,0,5
1771749731689,2026-02-22T08:42:11.689Z,18,44.23,-38.13,18.57,0,5
1771749733789,2026-02-22T08:42:13.789Z,18,41.35,-27.32,-99.61,0,5
1771749735889,2026-02-22T08:42:15.889Z,18,28.35,-27.94,0.78,0,5
1771749737989,2026-02-22T08:42:17.989Z,18,-43.93,-28.92,-115.51,0,5
1771749740089,2026-02-22T08:42:20.089Z,18,-43.4,38.78,-165.45,0,5
1771749742189,2026-02-22T08:42:22.189Z,18,-26.57,24.68,60.69,0,5
1771749744289,2026-02-22T08:42:24.289Z,18,34.7,37.63,-165.63,0,5
1771749746389,2026-02-22T08:42:26.389Z,18,-42.59,36.7,-85.21,0,5
1771749748489,2026-02-22T08:42:28.489Z,18,-34.42,27.31,55.2,0,5
1771749750589,2026-02-22T08:42:30.589Z,18,34.41,-30.33,-52.96,0,5
1771749752689,2026-02-22T08:42:32.689Z,18,44.82,-30.04,-129.97,0,5
1771749754789,2026-02-22T08:42:34.789Z,18,-15.22,3.73,-103.85,1,5
1771749756889,2026-02-22T08:42:36.889Z,18,-4.96,5.65,-137.4,1,5
1771749758989,2026-02-22T08:42:38.989Z,18,11.2,5.73,-6.65,1,5
1771749761089,2026-02-22T08:42:41.089Z,18,-39.77,20.45,-164.47,0,5
1771749763189,2026-02-22T08:42:43.189Z,18,-28.37,-37.82,-127.13,0,5
1771749765289,2026-02-22T08:42:45.289Z,18,15.21,0.43,-34.04,1,5
1771749767389,2026-02-22T08:42:47.389Z,18,-46.96,38.95,-102.03,0,5
1771749769489,2026-02-22T08:42:49.489Z,18,46.68,-24.39,-32.12,0,5
1771749771589,2026-02-22T08:42:51.589Z,18,2.98,6.95,44.36,1,5
1771749773689,2026-02-22T08:42:53.689Z,18,-43.1,38.45,34.75,0,5
1771749775789,2026-02-22T08:42:55.789Z,18,-4.38,-9.56,-174.04,1,5
1771749777889,2026-02-22T08:42:57.889Z,18,45.66,-23.55,144.58,0,5
1771749779989,2026-02-22T08:42:59.989Z,18,-27.33,-38.04,14.14,0,5
1771749782089,2026-02-22T08:43:02.089Z,18,15.76,4.64,-24.66,1,5
1771749706489,2026-02-22T08:41:46.489Z,18,-48.46,35.79,-42.75,0,6
1771749708589,2026-02-22T08:41:48.589Z,18,-35.64,29.54,-96.3,0,6
1771749710689,2026-02-22T08:41:50.689Z,18,39.96,25.16,-178.03,0,6
1771749712789,2026-02-22T08:41:52.789Z,18,-39.45,-30.4,-44.99,0,6
1771749714889,2026-02-22T08:41:54.889Z,18,10.95,-2.37,-141.63,1,6
1771749716989,2026-02-22T08:41:56.989Z,18,31.53,31.29,40.28,0,6
1771749719089,2026-02-22T08:41:59.089Z,18,43.87,31.04,20.72,0,6
1771749721189,2026-02-22T08:42:01.189Z,18,2.13,-0.42,175.86,1,6
1771749723289,2026-02-22T08:42:03.289Z,18,43.39,-34.96,-19.23,0,6
1771749725389,2026-02-22T08:42:05.389Z,18,-27.51,35.72,108.31,0,6
1771749727489,2026-02-22T08:42:07.489Z,18,-29.02,-36.09,116.37,0,6
1771749729589,2026-02-22T08:42:09.589Z,18,27.2,24.44,-151.19,0,6
1771749731689,2026-02-22T08:42:11.689Z,18,-4.16,12.6,41.03,1,6
1771749733789,2026-02-22T08:42:13.789Z,18,-48.64,-32.81,-21.97,0,6
1771749735889,2026-02-22T08:42:15.889Z,18,5.65,7.9,-77.04,1,6
1771749737989,2026-02-22T08:42:17.989Z,18,3.58,0.41,-96.6,1,6
1771749740089,2026-02-22T08:42:20.089Z,18,-16.7,-6.78,-179.9,1,6
1771749742189,2026-02-22T08:42:22.189Z,18,17.89,7.27,-52.87,1,6
1771749744289,2026-02-22T08:42:24.289Z,18,3.1,0.46,85.29,1,6
1771749746389,2026-02-22T08:42:26.389Z,18,-14.75,-5.6,118.72,1,6
1771749748489,2026-02-22T08:42:28.489Z,18,33.69,24.53,166.7,0,6
1771749750589,2026-02-22T08:42:30.589Z,18,39.37,23.5,2.25,0,6
1771749752689,2026-02-22T08:42:32.689Z,18,33.5,-36.06,164.42,0,6
1771749754789,2026-02-22T08:42:34.789Z,18,42.35,31.26,97.19,0,6
1771749756889,2026-02-22T08:42:36.889Z,18,42.04,-29.64,-87.18,0,6
1771749758989,2026-02-22T08:42:38.989Z,18,10.39,-7.27,72.42,1,6
1771749761089,2026-02-22T08:42:41.089Z,18,48.89,-34.02,-85.19,0,6
1771749763189,2026-02-22T08:42:43.189Z,18,-3.64,6.47,-56.88,1,6
1771749765289,2026-02-22T08:42:45.289Z,18,-36.91,24.37,26.54,0,6
1771749767389,2026-02-22T08:42:47.389Z,18,8.86,11.19,-111.54,1,6
1771749769489,2026-02-22T08:42:49.489Z,18,-43.39,24.14,-107.0,0,6
1771749771589,2026-02-22T08:42:51.589Z,18,4.27,-8.94,-141.59,1,6
1771749773689,2026-02-22T08:42:53.689Z,18,40.35,-36.96,-46.37,0,6
1771749775789,2026-02-22T08:42:55.789Z,18,14.33,9.91,26.83,1,6
1771749777889,2026-02-22T08:42:57.889Z,18,-11.42,6.87,4.01,1,6
1771749779989,2026-02-22T08:42:59.989Z,18,-26.35,29.57,14.68,0,6
1771749782089,2026-02-22T08:43:02.089Z,18,46.51,-29.14,-136.67,0,6
1771749784189,2026-02-22T08:43:04.189Z,18,42.23,-33.48,-43.41,0,6
1771749786289,2026-02-22T08:43:06.289Z,18,-4.98,9.41,-112.63,1,6
1771749788389,2026-02-22T08:43:08.389Z,18,-8.3,11.92,-56.49,1,6
1771749790489,2026-02-22T08:43:10.489Z,18,-2.74,-2.1,90.79,1,6
1771749792589,2026-02-22T08:43:12.589Z,18,-3.58,-1.28,25.71,1,6
1771749706489,2026-02-22T08:41:46.489Z,18,-43.02,-31.11,128.27,0,7
1771749708589,2026-02-22T08:41:48.589Z,18,10.8,6.2,-9.72,1,7
1771749710689,2026-02-22T08:41:50.689Z,18,-2.83,-9.5,141.58,1,7
1771749712789,2026-02-22T08:41:52.789Z,18,44.63,25.02,129.06,0,7
1771749714889,2026-02-22T08:41:54.889Z,18,-14.44,-8.75,-102.43,1,7
1771749716989,2026-02-22T08:41:56.989Z,18,12.2,-10.5,88.05,1,7
1771749719089,2026-02-22T08:41:59.089Z,18,-5.03,1.49,111.61,1,7
1771749721189,2026-02-22T08:42:01.189Z,18,-3.18,-3.87,64.65,1,7
1771749723289,2026-02-22T08:42:03.289Z,18,-49.48,27.1,62.35,0,7
1771749725389,2026-02-22T08:42:05.389Z,18,8.51,10.13,-42.81,1,7
1771749727489,2026-02-22T08:42:07.489Z,18,4.74,-9.23,-119.67,1,7
1771749729589,2026-02-22T08:42:09.589Z,18,35.55,36.98,-154.32,0,7
1771749731689,2026-02-22T08:42:11.689Z,18,-9.78,-4.76,-75.11,1,7
1771749733789,2026-02-22T08:42:13.789Z,18,5.21,-5.95,-19.84,1,7
1771749735889,2026-02-22T08:42:15.889Z,18,43.7,28.28,-113.8,0,7
1771749737989,2026-02-22T08:42:17.989Z,18,8.2,4.21,158.56,1,7
1771749740089,2026-02-22T08:42:20.089Z,18,-30.26,22.06,-157.03,0,7
1771749742189,2026-02-22T08:42:22.189Z,18,-25.66,30.48,178.56,0,7
1771749744289,2026-02-22T08:42:24.289Z,18,4.25,-10.81,155.37,1,7
1771749746389,2026-02-22T08:42:26.389Z,18,-9.74,6.18,-20.46,1,7
1771749748489,2026-02-22T08:42:28.489Z,18,0.96,-8.56,-167.34,1,7
1771749750589,2026-02-22T08:42:30.589Z,18,14.95,9.47,-11.81,1,7
1771749752689,2026-02-22T08:42:32.689Z,18,38.71,-39.39,71.14,0,7
1771749754789,2026-02-22T08:42:34.789Z,18,3.51,3.41,48.91,1,7
1771749756889,2026-02-22T08:42:36.889Z,18,47.72,30.79,109.69,0,7
1771749758989,2026-02-22T08:42:38.989Z,18,-4.83,-6.25,-70.71,1,7
1771749761089,2026-02-22T08:42:41.089Z,18,11.35,9.05,-56.2,1,7
1771749763189,2026-02-22T08:42:43.189Z,18,-17.7,10.97,160.9,1,7
1771749765289,2026-02-22T08:42:45.289Z,18,-17.67,-1.81,-74.55,1,7
1771749767389,2026-02-22T08:42:47.389Z,18,-17.74,-3.29,-31.78,1,7
1771749769489,2026-02-22T08:42:49.489Z,18,31.25,36.57,-100.59,0,7
1771749771589,2026-02-22T08:42:51.589Z,18,4.51,0.43,107.99,1,7
1771749773689,2026-02-22T08:42:53.689Z,18,32.12,28.26,127.25,0,7
1771749775789,2026-02-22T08:42:55.789Z,18,-7.57,3.56,42.38,1,7
1771749777889,2026-02-22T08:42:57.889Z,18,4.42,-8.12,-173.02,1,7
1771749779989,2026-02-22T08:42:59.989Z,18,1.26,-8.17,-143.18,1,7
1771749782089,2026-02-22T08:43:02.089Z,18,7.75,5.9,-96.19,1,7
1771749784189,2026-02-22T08:43:04.189Z,18,-0.23,-4.11,-67.83,1,7
1771749706489,2026-02-22T08:41:46.489Z,19,-33.26,-21.12,99.24,0,4
1771749708589,2026-02-22T08:41:48.589Z,19,-1.07,-8.0,122.95,1,4
1771749710689,2026-02-22T08:41:50.689Z,19,-28.05,-27.7,170.99,0,4
1771749712789,2026-02-22T08:41:52.789Z,19,17.8,-7.82,84.72,1,4
1771749714889,2026-02-22T08:41:54.889Z,19,5.98,-7.58,-39.92,1,4
1771749716989,2026-02-22T08:41:56.989Z,19,28.97,-34.89,17.85,0,4
1771749719089,2026-02-22T08:41:59.089Z,19,-0.68,-5.23,-50.25,1,4
1771749721189,2026-02-22T08:42:01.189Z,19,6.0,12.31,-95.05,1,4
1771749723289,2026-02-22T08:42:03.289Z,19,-17.46,7.65,30.49,1,4
1771749725389,2026-02-22T08:42:05.389Z,19,-9.25,12.19,29.19,1,4
1771749727489,2026-02-22T08:42:07.489Z,19,-34.28,-24.97,-0.03,0,4
1771749729589,2026-02-22T08:42:09.589Z,19,48.27,-21.2,52.05,0,4
1771749731689,2026-02-22T08:42:11.689Z,19,-28.15,-26.33,21.01,0,4
1771749733789,2026-02-22T08:42:13.789Z,19,45.14,34.66,-172.31,0,4
1771749735889,2026-02-22T08:42:15.889Z,19,8.08,-6.48,-165.78,1,4
1771749737989,2026-02-22T08:42:17.989Z,19,38.57,23.8,-112.81,0,4
1771749740089,2026-02-22T08:42:20.089Z,19,8.37,-5.84,119.29,1,4
1771749742189,2026-02-22T08:42:22.189Z,19,-26.72,-28.99,114.99,0,4
1771749744289,2026-02-22T08:42:24.289Z,19,-1.65,7.17,2.14,1,4
1771749746389,2026-02-22T08:42:26.389Z,19,-40.49,35.52,-94.04,0,4
1771749748489,2026-02-22T08:42:28.489Z,19,29.75,35.31,-124.51,0,4
1771749750589,2026-02-22T08:42:30.589Z,19,-3.25,-4.63,-145.35,1,4
1771749752689,2026-02-22T08:42:32.689Z,19,-45.88,-23.57,-168.74,0,4
1771749754789,2026-02-22T08:42:34.789Z,19,-11.1,-12.17,51.03,1,4
1771749756889,2026-02-22T08:42:36.889Z,19,-0.36,3.22,32.51,1,4
1771749758989,2026-02-22T08:42:38.989Z,19,-10.05,5.66,-175.29,1,4
1771749761089,2026-02-22T08:42:41.089Z,19,48.21,-29.36,50.01,0,4
1771749763189,2026-02-22T08:42:43.189Z,19,8.77,10.15,115.93,1,4
1771749765289,2026-02-22T08:42:45.289Z,19,-45.59,30.58,84.35,0,4
1771749767389,2026-02-22T08:42:47.389Z,19,-48.62,-22.02,-96.83,0,4
1771749769489,2026-02-22T08:42:49.489Z,19,-11.05,4.08,25.21,1,4
1771749771589,2026-02-22T08:42:51.589Z,19,43.65,33.49,72.92,0,4
1771749773689,2026-02-22T08:42:53.689Z,19,-14.25,7.6,17.99,1,4
1771749775789,2026-02-22T08:42:55.789Z,19,5.67,0.88,35.97,1,4
1771749706489,2026-02-22T08:41:46.489Z,19,46.12,35.28,-24.99,0,5
1771749708589,2026-02-22T08:41:48.589Z,19,-39.08,-27.5,18.09,0,5
1771749710689,2026-02-22T08:41:50.689Z,19,49.04,39.2,-179.93,0,5
1771749712789,2026-02-22T08:41:52.789Z,19,-7.76,-12.58,-131.37,1,5
1771749714889,2026-02-22T08:41:54.889Z,19,-32.51,-24.3,-66.63,0,5
1771749716989,2026-02-22T08:41:56.989Z,19,47.98,-21.89,-14.27,0,5
1771749719089,2026-02-22T08:41:59.089Z,19,-8.46,10.13,-90.05,1,5
1771749721189,2026-02-22T08:42:01.189Z,19,-7.19,1.83,24.86,1,5
1771749723289,2026-02-22T08:42:03.289Z,19,-15.22,-4.56,-6.29,1,5
1771749725389,2026-02-22T08:42:05.389Z,19,14.36,5.27,115.03,1,5
1771749727489,2026-02-22T08:42:07.489Z,19,5.12,-12.03,111.0,1,5
1771749729589,2026-02-22T08:42:09.589Z,19,10.08,10.97,-59.62,1,5
1771749731689,2026-02-22T08:42:11.689Z,19,35.41,-37.4,-98.38,0,5
1771749733789,2026-02-22T08:42:13.789Z,19,-40.85,21.08,8.78,0,5
1771749735889,2026-02-22T08:42:15.889Z,19,2.34,-4.5,71.2,1,5
1771749737989,2026-02-22T08:42:17.989Z,19,6.25,12.93,169.57,1,5
1771749740089,2026-02-22T08:42:20.089Z,19,-30.55,35.73,-126.72,0,5
1771749742189,2026-02-22T08:42:22.189Z,19,-0.87,6.38,17.33,1,5
1771749744289,2026-02-22T08:42:24.289Z,19,-3.65,-1.7,71.23,1,5
1771749746389,2026-02-22T08:42:26.389Z,19,38.98,27.91,25.68,0,5
1771749748489,2026-02-22T08:42:28.489Z,19,-31.06,35.54,-63.57,0,5
1771749750589,2026-02-22T08:42:30.589Z,19,-27.81,28.47,-54.61,0,5
1771749752689,2026-02-22T08:42:32.689Z,19,3.38,-12.37,-70.27,1,5
1771749754789,2026-02-22T08:42:34.789Z,19,40.58,20.9,114.54,0,5
1771749756889,2026-02-22T08:42:36.889Z,19,-4.54,6.7,127.0,1,5
1771749758989,2026-02-22T08:42:38.989Z,19,-16.04,11.67,153.62,1,5
1771749761089,2026-02-22T08:42:41.089Z,19,25.34,-26.1,-10.37,0,5
1771749763189,2026-02-22T08:42:43.189Z,19,8.64,-7.49,16.71,1,5
1771749765289,2026-02-22T08:42:45.289Z,19,40.58,-33.9,60.57,0,5
1771749767389,2026-02-22T08:42:47.389Z,19,14.62,0.7,-88.04,1,5
1771749769489,2026-02-22T08:42:49.489Z,19,-10.77,5.11,-82.34,1,5
1771749706489,2026-02-22T08:41:46.489Z,19,-8.23,9.15,57.64,1,6
1771749708589,2026-02-22T08:41:48.589Z,19,-32.31,24.62,-42.95,0,6
1771749710689,2026-02-22T08:41:50.689Z,19,-47.6,37.34,11.36,0,6
1771749712789,2026-02-22T08:41:52.789Z,19,0.02,-1.09,153.49,1,6
1771749714889,2026-02-22T08:41:54.889Z,19,-9.09,0.76,-59.91,1,6
1771749716989,2026-02-22T08:41:56.989Z,19,-12.35,-3.98,-53.31,1,6
1771749719089,2026-02-22T08:41:59.089Z,19,-49.9,36.24,45.29,0,6
1771749721189,2026-02-22T08:42:01.189Z,19,-48.6,24.51,-56.96,0,6
1771749723289,2026-02-22T08:42:03.289Z,19,-13.06,5.98,7.46,1,6
1771749725389,2026-02-22T08:42:05.389Z,19,-35.43,-28.53,-67.54,0,6
1771749727489,2026-02-22T08:42:07.489Z,19,38.56,-33.05,29.17,0,6
1771749729589,2026-02-22T08:42:09.589Z,19,-46.56,33.77,143.51,0,6
1771749731689,2026-02-22T08:42:11.689Z,19,49.89,-33.12,23.34,0,6
1771749733789,2026-02-22T08:42:13.789Z,19,-15.56,0.86,79.0,1,6
1771749735889,2026-02-22T08:42:15.889Z,19,12.22,-9.22,-169.39,1,6
1771749737989,2026-02-22T08:42:17.989Z,19,17.02,11.99,-70.79,1,6
1771749740089,2026-02-22T08:42:20.089Z,19,28.8,-22.14,-113.49,0,6
1771749742189,2026-02-22T08:42:22.189Z,19,40.14,-31.93,-96.87,0,6
1771749744289,2026-02-22T08:42:24.289Z,19,-15.14,7.28,-131.73,1,6
1771749746389,2026-02-22T08:42:26.389Z,19,42.8,23.68,-40.51,0,6
1771749748489,2026-02-22T08:42:28.489Z,19,-29.83,-28.17,168.77,0,6
1771749750589,2026-02-22T08:42:30.589Z,19,30.56,-35.16,-156.19,0,6
1771749706489,2026-02-22T08:41:46.489Z,19,42.2,37.75,-26.08,0,7
1771749708589,2026-02-22T08:41:48.589Z,19,43.01,32.23,87.29,0,7
1771749710689,2026-02-22T08:41:50.689Z,19,0.91,9.77,103.29,1,7
1771749712789,2026-02-22T08:41:52.789Z,19,-1.74,8.5,-164.73,1,7
1771749714889,2026-02-22T08:41:54.889Z,19,49.6,-31.15,5.81,0,7
1771749716989,2026-02-22T08:41:56.989Z,19,-29.75,27.96,-70.36,0,7
1771749719089,2026-02-22T08:41:59.089Z,19,29.16,32.26,-160.36,0,7
1771749721189,2026-02-22T08:42:01.189Z,19,-12.88,8.58,-17.39,1,7
1771749723289,2026-02-22T08:42:03.289Z,19,-29.49,-27.86,-63.55,0,7
1771749725389,2026-02-22T08:42:05.389Z,19,-1.67,10.31,142.49,1,7
1771749727489,2026-02-22T08:42:07.489Z,19,-31.25,-34.37,-135.52,0,7
1771749729589,2026-02-22T08:42:09.589Z,19,-1.82,-3.56,8.57,1,7
1771749731689,2026-02-22T08:42:11.689Z,19,10.48,0.3,161.91,1,7
1771749733789,2026-02-22T08:42:13.789Z,19,-4.3,6.97,148.41,1,7
1771749735889,2026-02-22T08:42:15.889Z,19,5.74,-9.1,132.77,1,7
1771749737989,2026-02-22T08:42:17.989Z,19,7.63,-2.09,-68.57,1,7
1771749740089,2026-02-22T08:42:20.089Z,19,32.22,-22.35,-132.63,0,7
1771749742189,2026-02-22T08:42:22.189Z,19,4.41,-6.42,-14.89,1,7
1771749744289,2026-02-22T08:42:24.289Z,19,-40.2,24.76,31.99,0,7
1771749746389,2026-02-22T08:42:26.389Z,19,-3.23,-10.94,36.04,1,7
1771749748489,2026-02-22T08:42:28.489Z,19,1.7,3.11,20.72,1,7
1771749750589,2026-02-22T08:42:30.589Z,19,-29.62,-33.07,-166.78,0,7
1771749752689,2026-02-22T08:42:32.689Z,19,33.28,-20.98,-29.9,0,7
1771749754789,2026-02-22T08:42:34.789Z,19,6.2,2.89,68.94,1,7
1771749756889,2026-02-22T08:42:36.889Z,19,10.34,-8.39,-16.08,1,7
1771749758989,2026-02-22T08:42:38.989Z,19,15.53,-10.58,-72.25,1,7
1771749761089,2026-02-22T08:42:41.089Z,19,-4.36,-11.24,-26.16,1,7
1771749763189,2026-02-22T08:42:43.189Z,19,-7.46,-9.5,70.06,1,7
1771749765289,2026-02-22T08:42:45.289Z,19,0.97,0.64,70.5,1,7
1771749767389,2026-02-22T08:42:47.389Z,19,-39.28,-29.67,67.92,0,7
1771749769489,2026-02-22T08:42:49.489Z,19,35.68,25.19,27.05,0,7
1771749771589,2026-02-22T08:42:51.589Z,19,-40.36,30.39,47.47,0,7
1771749773689,2026-02-22T08:42:53.689Z,19,-11.52,2.84,75.09,1,7
1771749775789,2026-02-22T08:42:55.789Z,19,-27.96,32.51,-137.55,0,7
1771749706489,2026-02-22T08:41:46.489Z,20,-5.98,1.57,49.5,1,4
1771749708589,2026-02-22T08:41:48.589Z,20,-10.76,-5.68,104.47,1,4
1771749710689,2026-02-22T08:41:50.689Z,20,0.24,-4.58,-177.79,1,4
1771749712789,2026-02-22T08:41:52.789Z,20,34.9,-36.64,-110.15,0,4
1771749714889,2026-02-22T08:41:54.889Z,20,47.9,-32.91,-6.66,0,4
1771749716989,2026-02-22T08:41:56.989Z,20,36.56,38.56,-159.83,0,4
1771749719089,2026-02-22T08:41:59.089Z,20,38.88,-24.17,66.78,0,4
1771749721189,2026-02-22T08:42:01.189Z,20,26.66,-25.61,-168.78,0,4
1771749723289,2026-02-22T08:42:03.289Z,20,-39.27,23.75,-137.94,0,4
1771749725389,2026-02-22T08:42:05.389Z,20,42.63,34.2,-82.26,0,4
1771749727489,2026-02-22T08:42:07.489Z,20,13.57,-3.34,118.6,1,4
1771749729589,2026-02-22T08:42:09.589Z,20,0.9,-8.45,-45.28,1,4
1771749731689,2026-02-22T08:42:11.689Z,20,-10.72,-10.59,2.16,1,4
1771749733789,2026-02-22T08:42:13.789Z,20,-29.76,34.65,8.51,0,4
1771749735889,2026-02-22T08:42:15.889Z,20,-44.24,-36.44,157.69,0,4
1771749737989,2026-02-22T08:42:17.989Z,20,-30.13,-29.19,76.92,0,4
1771749740089,2026-02-22T08:42:20.089Z,20,-32.77,-33.74,33.94,0,4
1771749742189,2026-02-22T08:42:22.189Z,20,-1.19,-11.8,7.41,1,4
1771749744289,2026-02-22T08:42:24.289Z,20,25.56,32.78,-104.46,0,4
1771749746389,2026-02-22T08:42:26.389Z,20,-7.68,0.84,98.2,1,4
1771749748489,2026-02-22T08:42:28.489Z,20,28.73,22.29,164.99,0,4
1771749750589,2026-02-22T08:42:30.589Z,20,-30.16,30.99,-82.42,0,4
1771749752689,2026-02-22T08:42:32.689Z,20,39.35,-21.42,40.77,0,4
1771749754789,2026-02-22T08:42:34.789Z,20,-2.03,-9.62,-10.54,1,4
1771749756889,2026-02-22T08:42:36.889Z,20,-34.59,-28.53,-115.57,0,4
1771749758989,2026-02-22T08:42:38.989Z,20,40.41,26.65,-108.67,0,4
1771749761089,2026-02-22T08:42:41.089Z,20,-49.34,31.36,-146.55,0,4
1771749763189,2026-02-22T08:42:43.189Z,20,27.43,33.69,75.68,0,4
1771749765289,2026-02-22T08:42:45.289Z,20,-9.66,-7.18,129.99,1,4
1771749767389,2026-02-22T08:42:47.389Z,20,34.8,35.78,137.67,0,4
1771749769489,2026-02-22T08:42:49.489Z,20,-16.91,-0.64,-53.48,1,4
1771749771589,2026-02-22T08:42:51.589Z,20,-11.85,6.97,37.6,1,4
1771749773689,2026-02-22T08:42:53.689Z,20,-14.29,8.26,106.83,1,4
1771749706489,2026-02-22T08:41:46.489Z,20,-44.81,28.02,-31.16,0,5
1771749708589,2026-02-22T08:41:48.589Z,20,-49.35,21.32,-105.03,0,5
1771749710689,2026-02-22T08:41:50.689Z,20,44.61,31.34,-56.81,0,5
1771749712789,2026-02-22T08:41:52.789Z,20,-41.57,-34.79,76.29,0,5
1771749714889,2026-02-22T08:41:54.889Z,20,-39.8,26.51,-144.84,0,5
1771749716989,2026-02-22T08:41:56.989Z,20,48.9,-31.97,66.78,0,5
1771749719089,2026-02-22T08:41:59.089Z,20,33.19,-21.81,114.13,0,5
1771749721189,2026-02-22T08:42:01.189Z,20,-43.93,-29.06,-75.06,0,5
1771749723289,2026-02-22T08:42:03.289Z,20,29.89,25.99,105.96,0,5
1771749725389,2026-02-22T08:42:05.389Z,20,42.94,39.81,29.78,0,5
1771749727489,2026-02-22T08:42:07.489Z,20,46.19,21.25,144.39,0,5
1771749729589,2026-02-22T08:42:09.589Z,20,-42.58,22.19,-78.4,0,5
1771749731689,2026-02-22T08:42:11.689Z,20,-2.46,2.34,45.08,1,5
1771749733789,2026-02-22T08:42:13.789Z,20,34.54,-33.25,-9.05,0,5
1771749735889,2026-02-22T08:42:15.889Z,20,-4.15,11.04,122.39,1,5
1771749737989,2026-02-22T08:42:17.989Z,20,17.91,4.42,-131.66,1,5
1771749740089,2026-02-22T08:42:20.089Z,20,-17.43,5.75,-4.79,1,5
1771749742189,2026-02-22T08:42:22.189Z,20,-27.12,37.2,141.69,0,5
1771749744289,2026-02-22T08:42:24.289Z,20,40.58,30.19,18.74,0,5
1771749746389,2026-02-22T08:42:26.389Z,20,30.64,32.09,28.06,0,5
1771749748489,2026-02-22T08:42:28.489Z,20,-42.8,28.22,16.62,0,5
1771749750589,2026-02-22T08:42:30.589Z,20,-39.2,22.26,-6.65,0,5
1771749752689,2026-02-22T08:42:32.689Z,20,-43.25,29.3,-151.84,0,5
1771749754789,2026-02-22T08:42:34.789Z,20,-31.13,-33.68,14.11,0,5
1771749756889,2026-02-22T08:42:36.889Z,20,-47.59,-29.38,4.56,0,5
1771749758989,2026-02-22T08:42:38.989Z,20,35.53,25.78,-167.28,0,5
1771749761089,2026-02-22T08:42:41.089Z,20,43.17,21.23,-9.66,0,5
1771749763189,2026-02-22T08:42:43.189Z,20,-16.14,12.75,111.2,1,5
1771749765289,2026-02-22T08:42:45.289Z,20,37.12,-30.11,126.52,0,5
1771749767389,2026-02-22T08:42:47.389Z,20,-13.23,-5.69,128.83,1,5
1771749706489,2026-02-22T08:41:46.489Z,20,-41.48,36.16,-85.95,0,6
1771749708589,2026-02-22T08:41:48.589Z,20,29.52,-26.86,-149.62,0,6
1771749710689,2026-02-22T08:41:50.689Z,20,15.62,-8.99,-1.46,1,6
1771749712789,2026-02-22T08:41:52.789Z,20,30.95,34.52,-119.78,0,6
1771749714889,2026-02-22T08:41:54.889Z,20,26.36,35.11,-138.24,0,6
1771749716989,2026-02-22T08:41:56.989Z,20,-3.65,-5.16,88.61,1,6
1771749719089,2026-02-22T08:41:59.089Z,20,-34.5,29.49,-127.75,0,6
1771749721189,2026-02-22T08:42:01.189Z,20,-32.22,27.64,-66.35,0,6
1771749723289,2026-02-22T08:42:03.289Z,20,-27.43,39.12,-24.56,0,6
1771749725389,2026-02-22T08:42:05.389Z,20,33.37,36.05,-88.08,0,6
1771749727489,2026-02-22T08:42:07.489Z,20,44.33,-34.69,31.94,0,6
1771749729589,2026-02-22T08:42:09.589Z,20,-5.85,4.95,-115.23,1,6
1771749731689,2026-02-22T08:42:11.689Z,20,-45.79,-28.22,9.1,0,6
1771749733789,2026-02-22T08:42:13.789Z,20,30.49,25.04,-167.74,0,6
1771749735889,2026-02-22T08:42:15.889Z,20,-48.46,-39.01,49.71,0,6
1771749737989,2026-02-22T08:42:17.989Z,20,-27.16,-27.52,94.99,0,6
1771749740089,2026-02-22T08:42:20.089Z,20,-47.4,-25.07,-11.9,0,6
1771749742189,2026-02-22T08:42:22.189Z,20,48.07,35.39,69.2,0,6
1771749744289,2026-02-22T08:42:24.289Z,20,31.43,-25.55,-157.54,0,6
1771749746389,2026-02-22T08:42:26.389Z,20,17.85,-6.29,112.61,1,6
1771749748489,2026-02-22T08:42:28.489Z,20,-15.5,12.46,-107.76,1,6
1771749750589,2026-02-22T08:42:30.589Z,20,5.24,-10.18,14.63,1,6
1771749752689,2026-02-22T08:42:32.689Z,20,4.1,-10.24,-21.03,1,6
1771749754789,2026-02-22T08:42:34.789Z,20,-16.75,-11.17,81.92,1,6
1771749756889,2026-02-22T08:42:36.889Z,20,-47.41,-33.06,-179.69,0,6
1771749706489,2026-02-22T08:41:46.489Z,20,28.79,38.09,26.87,0,7
1771749708589,2026-02-22T08:41:48.589Z,20,36.95,36.88,101.14,0,7
1771749710689,2026-02-22T08:41:50.689Z,20,-25.08,22.42,12.71,0,7
1771749712789,2026-02-22T08:41:52.789Z,20,42.05,21.1,178.93,0,7
1771749714889,2026-02-22T08:41:54.889Z,20,38.37,21.61,-14.53,0,7
1771749716989,2026-02-22T08:41:56.989Z,20,-29.42,-39.35,57.86,0,7
1771749719089,2026-02-22T08:41:59.089Z,20,-3.96,-10.22,67.98,1,7
1771749721189,2026-02-22T08:42:01.189Z,20,43.38,-20.71,-170.87,0,7
1771749723289,2026-02-22T08:42:03.289Z,20,-37.23,-35.85,51.63,0,7
1771749725389,2026-02-22T08:42:05.389Z,20,49.16,-20.74,-159.82,0,7
1771749727489,2026-02-22T08:42:07.489Z,20,-35.14,-36.14,60.23,0,7
1771749729589,2026-02-22T08:42:09.589Z,20,-43.53,-38.5,-166.72,0,7
1771749731689,2026-02-22T08:42:11.689Z,20,5.54,-0.75,150.49,1,7
1771749733789,2026-02-22T08:42:13.789Z,20,7.25,-9.61,-117.99,1,7
1771749735889,2026-02-22T08:42:15.889Z,20,-6.94,7.64,-15.77,1,7
1771749737989,2026-02-22T08:42:17.989Z,20,3.28,8.26,-141.72,1,7
1771749740089,2026-02-22T08:42:20.089Z,20,-26.58,-28.52,112.15,0,7
1771749742189,2026-02-22T08:42:22.189Z,20,33.11,-26.43,167.29,0,7
1771749744289,2026-02-22T08:42:24.289Z,20,-16.36,-8.49,-157.24,1,7
1771749746389,2026-02-22T08:42:26.389Z,20,9.27,-8.63,-46.83,1,7
1771749748489,2026-02-22T08:42:28.489Z,20,-9.23,2.13,-131.99,1,7
1771749706489,2026-02-22T08:41:46.489Z,21,-46.99,-20.13,-115.41,0,4
1771749708589,2026-02-22T08:41:48.589Z,21,5.46,10.06,-30.16,1,4
1771749710689,2026-02-22T08:41:50.689Z,21,42.31,-22.86,-82.46,0,4
1771749712789,2026-02-22T08:41:52.789Z,21,-9.39,-8.46,69.0,1,4
1771749714889,2026-02-22T08:41:54.889Z,21,7.82,2.91,-148.31,1,4
1771749716989,2026-02-22T08:41:56.989Z,21,33.7,-31.15,-110.91,0,4
1771749719089,2026-02-22T08:41:59.089Z,21,-40.47,-29.28,45.53,0,4
1771749721189,2026-02-22T08:42:01.189Z,21,-16.09,-10.07,-126.28,1,4
1771749723289,2026-02-22T08:42:03.289Z,21,37.44,-33.4,-164.48,0,4
1771749725389,2026-02-22T08:42:05.389Z,21,30.24,26.69,109.86,0,4
1771749727489,2026-02-22T08:42:07.489Z,21,-27.61,-38.5,-116.68,0,4
1771749729589,2026-02-22T08:42:09.589Z,21,37.87,-37.9,79.71,0,4
1771749731689,2026-02-22T08:42:11.689Z,21,-6.26,-7.83,63.67,1,4
1771749733789,2026-02-22T08:42:13.789Z,21,10.04,-4.52,-144.7,1,4
1771749735889,2026-02-22T08:42:15.889Z,21,-34.39,-21.47,30.63,0,4
1771749737989,2026-02-22T08:42:17.989Z,21,-2.31,-7.38,39.4,1,4
1771749740089,2026-02-22T08:42:20.089Z,21,-4.55,-1.1,-110.1,1,4
1771749742189,2026-02-22T08:42:22.189Z,21,-8.29,-4.27,-168.45,1,4
1771749744289,2026-02-22T08:42:24.289Z,21,-7.9,-10.11,-12.41,1,4
1771749746389,2026-02-22T08:42:26.389Z,21,9.37,-7.28,-73.74,1,4
1771749748489,2026-02-22T08:42:28.489Z,21,10.6,11.77,146.01,1,4
1771749750589,2026-02-22T08:42:30.589Z,21,1.9,-7.03,-31.79,1,4
1771749752689,2026-02-22T08:42:32.689Z,21,13.04,-7.37,-9.54,1,4
1771749754789,2026-02-22T08:42:34.789Z,21,-17.48,-1.87,134.14,1,4
1771749756889,2026-02-22T08:42:36.889Z,21,-2.37,-7.22,153.89,1,4
1771749758989,2026-02-22T08:42:38.989Z,21,-35.44,-20.8,-10.57,0,4
1771749761089,2026-02-22T08:42:41.089Z,21,-35.64,29.59,107.29,0,4
1771749763189,2026-02-22T08:42:43.189Z,21,37.38,-31.17,-175.53,0,4
1771749765289,2026-02-22T08:42:45.289Z,21,-28.32,24.78,179.62,0,4
1771749767389,2026-02-22T08:42:47.389Z,21,6.09,-8.79,-14.66,1,4
1771749769489,2026-02-22T08:42:49.489Z,21,3.01,12.39,-13.05,1,4
1771749771589,2026-02-22T08:42:51.589Z,21,7.31,-8.19,133.76,1,4
1771749706489,2026-02-22T08:41:46.489Z,21,4.8,9.37,-154.55,1,5
1771749708589,2026-02-22T08:41:48.589Z,21,38.27,28.52,-82.88,0,5
1771749710689,2026-02-22T08:41:50.689Z,21,-44.69,-32.41,-59.15,0,5
1771749712789,2026-02-22T08:41:52.789Z,21,47.2,-27.66,-12.47,0,5
1771749714889,2026-02-22T08:41:54.889Z,21,-4.81,3.85,73.75,1,5
1771749716989,2026-02-22T08:41:56.989Z,21,-28.46,24.77,-139.12,0,5
1771749719089,2026-02-22T08:41:59.089Z,21,15.81,2.08,165.28,1,5
1771749721189,2026-02-22T08:42:01.189Z,21,8.82,-7.14,-53.02,1,5
1771749723289,2026-02-22T08:42:03.289Z,21,6.49,-5.79,-157.19,1,5
1771749725389,2026-02-22T08:42:05.389Z,21,-0.5,0.69,-135.82,1,5
1771749727489,2026-02-22T08:42:07.489Z,21,36.3,36.0,160.33,0,5
1771749729589,2026-02-22T08:42:09.589Z,21,-29.71,21.75,-39.35,0,5
1771749731689,2026-02-22T08:42:11.689Z,21,16.5,-11.0,-120.68,1,5
1771749733789,2026-02-22T08:42:13.789Z,21,-12.67,-9.09,-106.47,1,5
1771749735889,2026-02-22T08:42:15.889Z,21,-32.33,-29.48,-28.75,0,5
1771749737989,2026-02-22T08:42:17.989Z,21,-32.29,-20.44,108.72,0,5
1771749740089,2026-02-22T08:42:20.089Z,21,35.29,33.12,103.26,0,5
1771749742189,2026-02-22T08:42:22.189Z,21,36.45,-37.97,-69.66,0,5
1771749744289,2026-02-22T08:42:24.289Z,21,-37.11,35.39,-162.97,0,5
1771749746389,2026-02-22T08:42:26.389Z,21,-1.59,-8.67,152.69,1,5
1771749748489,2026-02-22T08:42:28.489Z,21,29.56,-36.79,69.43,0,5
1771749750589,2026-02-22T08:42:30.589Z,21,-29.03,-20.82,-66.01,0,5
1771749752689,2026-02-22T08:42:32.689Z,21,-8.63,-8.2,22.5,1,5
1771749754789,2026-02-22T08:42:34.789Z,21,-6.59,-4.06,-45.75,1,5
1771749756889,2026-02-22T08:42:36.889Z,21,-38.34,-38.41,-34.36,0,5
1771749758989,2026-02-22T08:42:38.989Z,21,-48.69,23.12,169.25,0,5
1771749761089,2026-02-22T08:42:41.089Z,21,41.18,29.48,-75.66,0,5
1771749763189,2026-02-22T08:42:43.189Z,21,-44.99,26.77,-139.57,0,5
1771749765289,2026-02-22T08:42:45.289Z,21,-16.56,4.63,-137.92,1,5
1771749767389,2026-02-22T08:42:47.389Z,21,4.23,-7.27,-51.34,1,5
1771749769489,2026-02-22T08:42:49.489Z,21,3.89,-7.93,9.52,1,5
1771749771589,2026-02-22T08:42:51.589Z,21,29.89,-30.77,-19.64,0,5
1771749773689,2026-02-22T08:42:53.689Z,21,-49.4,23.89,-65.61,0,5
1771749775789,2026-02-22T08:42:55.789Z,21,-47.71,27.95,77.75,0,5
1771749777889,2026-02-22T08:42:57.889Z,21,-4.1,-12.68,-55.83,1,5
1771749779989,2026-02-22T08:42:59.989Z,21,-1.96,1.59,-102.35,1,5
1771749782089,2026-02-22T08:43:02.089Z,21,45.09,23.28,82.08,0,5
1771749784189,2026-02-22T08:43:04.189Z,21,28.49,-22.87,-70.84,0,5
1771749786289,2026-02-22T08:43:06.289Z,21,26.65,21.77,-32.59,0,5
1771749788389,2026-02-22T08:43:08.389Z,21,29.37,34.2,91.89,0,5
1771749706489,2026-02-22T08:41:46.489Z,21,-0.34,8.39,-71.28,1,6
1771749708589,2026-02-22T08:41:48.589Z,21,38.98,24.49,104.84,0,6
1771749710689,2026-02-22T08:41:50.689Z,21,-7.19,3.65,49.16,1,6
1771749712789,2026-02-22T08:41:52.789Z,21,5.97,-5.52,-115.43,1,6
1771749714889,2026-02-22T08:41:54.889Z,21,-25.71,29.86,169.43,0,6
1771749716989,2026-02-22T08:41:56.989Z,21,39.53,37.37,46.08,0,6
1771749719089,2026-02-22T08:41:59.089Z,21,6.99,-9.89,4.51,1,6
1771749721189,2026-02-22T08:42:01.189Z,21,12.43,-8.77,-158.94,1,6
1771749723289,2026-02-22T08:42:03.289Z,21,13.62,-9.48,-121.21,1,6
1771749725389,2026-02-22T08:42:05.389Z,21,-2.9,10.71,-51.85,1,6
1771749727489,2026-02-22T08:42:07.489Z,21,1.07,11.34,4.99,1,6
1771749729589,2026-02-22T08:42:09.589Z,21,-44.12,-30.87,134.08,0,6
1771749731689,2026-02-22T08:42:11.689Z,21,31.79,21.92,28.82,0,6
1771749733789,2026-02-22T08:42:13.789Z,21,-28.42,27.46,-5.44,0,6
1771749735889,2026-02-22T08:42:15.889Z,21,14.79,-10.34,-124.36,1,6
1771749737989,2026-02-22T08:42:17.989Z,21,-11.22,10.32,40.83,1,6
1771749740089,2026-02-22T08:42:20.089Z,21,-35.43,-22.33,-132.76,0,6
1771749742189,2026-02-22T08:42:22.189Z,21,-5.46,4.97,-129.95,1,6
1771749744289,2026-02-22T08:42:24.289Z,21,17.55,0.6,169.24,1,6
1771749746389,2026-02-22T08:42:26.389Z,21,-7.03,6.36,-137.31,1,6
1771749748489,2026-02-22T08:42:28.489Z,21,6.99,4.89,-69.33,1,6
1771749750589,2026-02-22T08:42:30.589Z,21,17.32,-1.96,94.69,1,6
1771749752689,2026-02-22T08:42:32.689Z,21,-17.32,-0.41,-24.75,1,6
1771749754789,2026-02-22T08:42:34.789Z,21,-16.82,4.15,33.54,1,6
1771749756889,2026-02-22T08:42:36.889Z,21,14.71,-11.87,-71.41,1,6
1771749758989,2026-02-22T08:42:38.989Z,21,-14.53,-9.78,36.65,1,6
1771749761089,2026-02-22T08:42:41.089Z,21,-29.62,20.59,-127.6,0,6
1771749763189,2026-02-22T08:42:43.189Z,21,48.72,27.04,127.85,0,6
1771749765289,2026-02-22T08:42:45.289Z,21,-37.62,-21.98,28.13,0,6
1771749767389,2026-02-22T08:42:47.389Z,21,-10.19,-8.02,-78.53,1,6
1771749769489,2026-02-22T08:42:49.489Z,21,-49.34,-38.48,151.37,0,6
1771749771589,2026-02-22T08:42:51.589Z,21,34.16,-28.79,164.79,0,6
1771749706489,2026-02-22T08:41:46.489Z,21,35.6,-28.15,94.11,0,7
1771749708589,2026-02-22T08:41:48.589Z,21,-1.23,0.51,-1.51,1,7
1771749710689,2026-02-22T08:41:50.689Z,21,-7.62,5.78,-150.39,1,7
1771749712789,2026-02-22T08:41:52.789Z,21,-4.15,-1.12,85.02,1,7
1771749714889,2026-02-22T08:41:54.889Z,21,30.65,25.81,127.93,0,7
1771749716989,2026-02-22T08:41:56.989Z,21,-15.49,8.87,-8.76,1,7
1771749719089,2026-02-22T08:41:59.089Z,21,-25.32,33.44,-37.31,0,7
1771749721189,2026-02-22T08:42:01.189Z,21,6.35,-9.9,-37.87,1,7
1771749723289,2026-02-22T08:42:03.289Z,21,-43.54,-21.29,171.07,0,7
1771749725389,2026-02-22T08:42:05.389Z,21,3.42,12.76,-135.81,1,7
1771749727489,2026-02-22T08:42:07.489Z,21,31.96,35.13,108.35,0,7
1771749729589,2026-02-22T08:42:09.589Z,21,36.9,39.75,4.11,0,7
1771749731689,2026-02-22T08:42:11.689Z,21,-1.63,-9.82,-3.84,1,7
1771749733789,2026-02-22T08:42:13.789Z,21,15.93,-12.23,85.61,1,7
1771749735889,2026-02-22T08:42:15.889Z,21,41.95,-27.65,64.51,0,7
1771749737989,2026-02-22T08:42:17.989Z,21,4.39,-10.5,-152.45,1,7
1771749740089,2026-02-22T08:42:20.089Z,21,44.82,-25.87,-0.76,0,7
1771749742189,2026-02-22T08:42:22.189Z,21,1.53,8.05,14.59,1,7
1771749744289,2026-02-22T08:42:24.289Z,21,9.5,12.76,136.85,1,7
1771749746389,2026-02-22T08:42:26.389Z,21,-1.8,9.17,-20.68,1,7
1771749748489,2026-02-22T08:42:28.489Z,21,-11.63,4.14,100.58,1,7
1771749750589,2026-02-22T08:42:30.589Z,21,-37.29,-26.25,-39.93,0,7
1771749752689,2026-02-22T08:42:32.689Z,21,41.5,29.52,127.57,0,7
1771749754789,2026-02-22T08:42:34.789Z,21,-3.91,-0.14,169.51,1,7
1771749756889,2026-02-22T08:42:36.889Z,21,-5.3,12.42,-64.63,1,7
1771749706489,2026-02-22T08:41:46.489Z,22,8.71,-12.3,140.88,1,4
1771749708589,2026-02-22T08:41:48.589Z,22,-14.5,-4.03,-51.35,1,4
1771749710689,2026-02-22T08:41:50.689Z,22,5.8,-6.56,53.31,1,4
1771749712789,2026-02-22T08:41:52.789Z,22,14.77,-11.3,-70.23,1,4
1771749714889,2026-02-22T08:41:54.889Z,22,-17.29,-4.52,-14.07,1,4
1771749716989,2026-02-22T08:41:56.989Z,22,31.67,31.76,174.88,0,4
1771749719089,2026-02-22T08:41:59.089Z,22,-3.95,1.89,111.0,1,4
1771749721189,2026-02-22T08:42:01.189Z,22,6.3,-4.26,1.0,1,4
1771749723289,2026-02-22T08:42:03.289Z,22,-5.78,2.99,-49.2,1,4
1771749725389,2026-02-22T08:42:05.389Z,22,-0.11,9.03,103.37,1,4
1771749727489,2026-02-22T08:42:07.489Z,22,-32.18,-25.95,26.47,0,4
1771749729589,2026-02-22T08:42:09.589Z,22,-42.94,-31.84,-81.59,0,4
1771749731689,2026-02-22T08:42:11.689Z,22,1.12,-1.9,-54.97,1,4
1771749733789,2026-02-22T08:42:13.789Z,22,11.65,0.12,-72.03,1,4
1771749735889,2026-02-22T08:42:15.889Z,22,-6.72,-2.23,-89.54,1,4
1771749737989,2026-02-22T08:42:17.989Z,22,6.18,1.24,137.12,1,4
1771749740089,2026-02-22T08:42:20.089Z,22,0.58,-8.15,-0.29,1,4
1771749742189,2026-02-22T08:42:22.189Z,22,11.66,11.39,-83.54,1,4
1771749744289,2026-02-22T08:42:24.289Z,22,11.12,9.17,146.46,1,4
1771749746389,2026-02-22T08:42:26.389Z,22,-38.06,29.25,-93.47,0,4
1771749748489,2026-02-22T08:42:28.489Z,22,9.56,8.95,-32.31,1,4
1771749750589,2026-02-22T08:42:30.589Z,22,-40.85,25.34,-76.66,0,4
1771749752689,2026-02-22T08:42:32.689Z,22,6.73,-6.86,-94.15,1,4
1771749754789,2026-02-22T08:42:34.789Z,22,-17.0,7.72,-68.21,1,4
1771749756889,2026-02-22T08:42:36.889Z,22,17.69,-2.03,146.04,1,4
1771749758989,2026-02-22T08:42:38.989Z,22,-8.18,-12.24,104.28,1,4
1771749761089,2026-02-22T08:42:41.089Z,22,1.83,3.75,-164.8,1,4
1771749763189,2026-02-22T08:42:43.189Z,22,10.16,-11.56,142.74,1,4
1771749765289,2026-02-22T08:42:45.289Z,22,-7.27,-11.35,163.83,1,4
1771749767389,2026-02-22T08:42:47.389Z,22,-34.92,-24.72,25.55,0,4
1771749769489,2026-02-22T08:42:49.489Z,22,-13.66,4.27,28.95,1,4
1771749706489,2026-02-22T08:41:46.489Z,22,37.41,-24.76,-135.98,0,5
1771749708589,2026-02-22T08:41:48.589Z,22,45.81,36.12,87.83,0,5
1771749710689,2026-02-22T08:41:50.689Z,22,-28.61,-24.28,-81.16,0,5
1771749712789,2026-02-22T08:41:52.789Z,22,13.06,-11.55,12.05,1,5
1771749714889,2026-02-22T08:41:54.889Z,22,-32.91,29.5,-91.32,0,5
1771749716989,2026-02-22T08:41:56.989Z,22,10.23,-9.23,-8.92,1,5
1771749719089,2026-02-22T08:41:59.089Z,22,-6.91,3.78,145.88,1,5
1771749721189,2026-02-22T08:42:01.189Z,22,8.62,7.77,-160.32,1,5
1771749723289,2026-02-22T08:42:03.289Z,22,-31.32,26.19,165.05,0,5
1771749725389,2026-02-22T08:42:05.389Z,22,11.24,-9.83,132.1,1,5
1771749727489,2026-02-22T08:42:07.489Z,22,25.2,38.55,150.45,0,5
1771749729589,2026-02-22T08:42:09.589Z,22,15.71,6.67,-72.93,1,5
1771749731689,2026-02-22T08:42:11.689Z,22,-47.9,37.59,96.03,0,5
1771749733789,2026-02-22T08:42:13.789Z,22,-16.78,9.53,116.35,1,5
1771749735889,2026-02-22T08:42:15.889Z,22,43.42,34.35,135.63,0,5
1771749737989,2026-02-22T08:42:17.989Z,22,-42.46,-27.04,36.76,0,5
1771749740089,2026-02-22T08:42:20.089Z,22,36.33,-35.24,50.89,0,5
1771749742189,2026-02-22T08:42:22.189Z,22,-2.04,3.67,-178.89,1,5
1771749744289,2026-02-22T08:42:24.289Z,22,-7.0,1.97,-140.1,1,5
1771749746389,2026-02-22T08:42:26.389Z,22,7.69,6.96,53.71,1,5
1771749748489,2026-02-22T08:42:28.489Z,22,3.38,-2.33,158.19,1,5
1771749750589,2026-02-22T08:42:30.589Z,22,13.45,-9.53,-117.55,1,5
1771749752689,2026-02-22T08:42:32.689Z,22,-6.21,-5.67,-149.62,1,5
1771749754789,2026-02-22T08:42:34.789Z,22,-3.83,-3.19,120.48,1,5
1771749756889,2026-02-22T08:42:36.889Z,22,-17.25,-12.4,21.07,1,5
1771749758989,2026-02-22T08:42:38.989Z,22,-9.77,-10.69,-13.53,1,5
1771749761089,2026-02-22T08:42:41.089Z,22,12.67,-11.71,42.48,1,5
1771749763189,2026-02-22T08:42:43.189Z,22,-12.63,11.91,-118.76,1,5
1771749765289,2026-02-22T08:42:45.289Z,22,-17.49,0.67,98.41,1,5
1771749767389,2026-02-22T08:42:47.389Z,22,27.96,-23.81,130.3,0,5
1771749769489,2026-02-22T08:42:49.489Z,22,43.66,22.6,128.28,0,5
1771749771589,2026-02-22T08:42:51.589Z,22,17.83,-5.64,63.79,1,5
1771749773689,2026-02-22T08:42:53.689Z,22,-3.29,-9.21,-75.53,1,5
1771749775789,2026-02-22T08:42:55.789Z,22,4.24,10.59,-46.93,1,5
1771749777889,2026-02-22T08:42:57.889Z,22,27.14,22.66,-63.63,0,5
1771749779989,2026-02-22T08:42:59.989Z,22,-42.83,34.72,-87.76,0,5
1771749782089,2026-02-22T08:43:02.089Z,22,-15.88,-4.35,-95.46,1,5
1771749784189,2026-02-22T08:43:04.189Z,22,-25.13,26.05,-37.91,0,5
1771749786289,2026-02-22T08:43:06.289Z,22,16.85,1.55,28.98,1,5
1771749788389,2026-02-22T08:43:08.389Z,22,0.13,11.19,136.04,1,5
1771749790489,2026-02-22T08:43:10.489Z,22,-6.58,0.79,-128.95,1,5
1771749792589,2026-02-22T08:43:12.589Z,22,-16.41,-9.68,133.8,1,5
1771749794689,2026-02-22T08:43:14.689Z,22,48.16,38.06,-85.24,0,5
1771749796789,2026-02-22T08:43:16.789Z,22,37.92,37.85,-66.4,0,5
1771749706489,2026-02-22T08:41:46.489Z,22,15.22,3.55,-21.6,1,6
1771749708589,2026-02-22T08:41:48.589Z,22,-16.04,-8.24,-10.71,1,6
1771749710689,2026-02-22T08:41:50.689Z,22,-1.18,-9.98,142.26,1,6
1771749712789,2026-02-22T08:41:52.789Z,22,-2.11,12.71,21.91,1,6
1771749714889,2026-02-22T08:41:54.889Z,22,-13.95,5.71,-126.7,1,6
1771749716989,2026-02-22T08:41:56.989Z,22,-10.67,-5.61,120.58,1,6
1771749719089,2026-02-22T08:41:59.089Z,22,39.08,-31.67,169.79,0,6
1771749721189,2026-02-22T08:42:01.189Z,22,2.55,-2.17,-152.34,1,6
1771749723289,2026-02-22T08:42:03.289Z,22,-47.18,-25.69,173.28,0,6
1771749725389,2026-02-22T08:42:05.389Z,22,-4.55,11.16,-141.81,1,6
1771749727489,2026-02-22T08:42:07.489Z,22,-16.96,-1.03,74.77,1,6
1771749729589,2026-02-22T08:42:09.589Z,22,4.62,-6.0,56.88,1,6
1771749731689,2026-02-22T08:42:11.689Z,22,-16.42,3.18,-16.88,1,6
1771749733789,2026-02-22T08:42:13.789Z,22,-30.28,-36.03,-78.14,0,6
1771749735889,2026-02-22T08:42:15.889Z,22,-38.68,21.85,-88.14,0,6
1771749737989,2026-02-22T08:42:17.989Z,22,9.75,-2.63,-172.62,1,6
1771749740089,2026-02-22T08:42:20.089Z,22,-4.01,-2.54,52.98,1,6
1771749742189,2026-02-22T08:42:22.189Z,22,-28.02,36.02,84.92,0,6
1771749744289,2026-02-22T08:42:24.289Z,22,-33.98,-36.64,4.56,0,6
1771749746389,2026-02-22T08:42:26.389Z,22,13.87,-0.61,22.7,1,6
1771749748489,2026-02-22T08:42:28.489Z,22,9.23,8.09,40.99,1,6
1771749750589,2026-02-22T08:42:30.589Z,22,-2.66,-11.95,-56.97,1,6
1771749752689,2026-02-22T08:42:32.689Z,22,-9.93,4.84,-124.17,1,6
1771749754789,2026-02-22T08:42:34.789Z,22,4.66,0.64,-75.35,1,6
1771749706489,2026-02-22T08:41:46.489Z,22,10.86,-5.19,174.31,1,7
1771749708589,2026-02-22T08:41:48.589Z,22,-7.19,-6.54,-26.02,1,7
1771749710689,2026-02-22T08:41:50.689Z,22,1.84,10.85,4.83,1,7
1771749712789,2026-02-22T08:41:52.789Z,22,-3.13,-0.92,79.31,1,7
1771749714889,2026-02-22T08:41:54.889Z,22,31.37,-35.37,-174.14,0,7
1771749716989,2026-02-22T08:41:56.989Z,22,29.49,-36.86,-163.71,0,7
1771749719089,2026-02-22T08:41:59.089Z,22,7.36,-4.84,80.67,1,7
1771749721189,2026-02-22T08:42:01.189Z,22,40.6,26.83,150.52,0,7
1771749723289,2026-02-22T08:42:03.289Z,22,-29.63,37.43,-141.72,0,7
1771749725389,2026-02-22T08:42:05.389Z,22,-17.79,-9.97,-118.18,1,7
1771749727489,2026-02-22T08:42:07.489Z,22,6.91,9.59,167.69,1,7
1771749729589,2026-02-22T08:42:09.589Z,22,-0.48,3.08,170.61,1,7
1771749731689,2026-02-22T08:42:11.689Z,22,6.26,4.95,-37.8,1,7
1771749733789,2026-02-22T08:42:13.789Z,22,-13.5,-12.64,-139.71,1,7
1771749735889,2026-02-22T08:42:15.889Z,22,16.94,9.33,-104.68,1,7
1771749737989,2026-02-22T08:42:17.989Z,22,5.39,-1.67,45.38,1,7
1771749740089,2026-02-22T08:42:20.089Z,22,-27.15,22.96,-28.12,0,7
1771749742189,2026-02-22T08:42:22.189Z,22,14.49,6.21,-19.7,1,7
1771749744289,2026-02-22T08:42:24.289Z,22,-17.29,-1.31,-92.65,1,7
1771749746389,2026-02-22T08:42:26.389Z,22,11.86,-2.81,-59.81,1,7
1771749748489,2026-02-22T08:42:28.489Z,22,12.51,-1.77,-30.35,1,7
1771749750589,2026-02-22T08:42:30.589Z,22,2.83,6.01,179.65,1,7
1771749752689,2026-02-22T08:42:32.689Z,22,-3.61,0.35,80.86,1,7
1771749754789,2026-02-22T08:42:34.789Z,22,30.8,-30.57,-28.08,0,7
1771749756889,2026-02-22T08:42:36.889Z,22,-15.71,10.21,-29.83,1,7
1771749758989,2026-02-22T08:42:38.989Z,22,-0.19,11.41,-55.16,1,7
1771749761089,2026-02-22T08:42:41.089Z,22,-17.25,-5.51,-110.81,1,7
1771749763189,2026-02-22T08:42:43.189Z,22,-9.64,-7.29,147.27,1,7
1771749765289,2026-02-22T08:42:45.289Z,22,3.68,8.9,56.5,1,7
1771749767389,2026-02-22T08:42:47.389Z,22,-7.44,5.5,165.53,1,7
1771749769489,2026-02-22T08:42:49.489Z,22,44.9,-32.44,-78.32,0,7
1771749771589,2026-02-22T08:42:51.589Z,22,28.23,-23.13,-2.81,0,7
1771749773689,2026-02-22T08:42:53.689Z,22,32.59,-31.14,179.73,0,7
1771749706489,2026-02-22T08:41:46.489Z,23,11.81,10.26,-168.49,1,4
1771749708589,2026-02-22T08:41:48.589Z,23,-2.5,3.06,-136.55,1,4
1771749710689,2026-02-22T08:41:50.689Z,23,-8.72,-4.15,-52.11,1,4
1771749712789,2026-02-22T08:41:52.789Z,23,13.6,-6.05,-125.58,1,4
1771749714889,2026-02-22T08:41:54.889Z,23,-42.66,35.98,166.55,0,4
1771749716989,2026-02-22T08:41:56.989Z,23,-44.54,-36.47,-164.89,0,4
1771749719089,2026-02-22T08:41:59.089Z,23,4.68,9.64,147.95,1,4
1771749721189,2026-02-22T08:42:01.189Z,23,-7.48,-1.52,2.12,1,4
1771749723289,2026-02-22T08:42:03.289Z,23,-28.86,26.69,-130.4,0,4
1771749725389,2026-02-22T08:42:05.389Z,23,49.24,-24.91,111.29,0,4
1771749727489,2026-02-22T08:42:07.489Z,23,0.18,-10.78,-45.92,1,4
1771749729589,2026-02-22T08:42:09.589Z,23,40.74,-23.03,91.26,0,4
1771749731689,2026-02-22T08:42:11.689Z,23,-28.45,28.27,-32.65,0,4
1771749733789,2026-02-22T08:42:13.789Z,23,48.59,22.91,-176.42,0,4
1771749735889,2026-02-22T08:42:15.889Z,23,-27.12,28.03,98.05,0,4
1771749737989,2026-02-22T08:42:17.989Z,23,43.98,-38.05,-159.19,0,4
1771749740089,2026-02-22T08:42:20.089Z,23,35.48,34.43,-67.07,0,4
1771749742189,2026-02-22T08:42:22.189Z,23,11.77,10.41,39.74,1,4
1771749744289,2026-02-22T08:42:24.289Z,23,-3.46,3.74,139.53,1,4
1771749746389,2026-02-22T08:42:26.389Z,23,42.44,35.51,137.15,0,4
1771749748489,2026-02-22T08:42:28.489Z,23,1.35,-2.86,78.8,1,4
1771749750589,2026-02-22T08:42:30.589Z,23,30.34,30.43,92.54,0,4
1771749752689,2026-02-22T08:42:32.689Z,23,-17.0,7.71,33.3,1,4
1771749754789,2026-02-22T08:42:34.789Z,23,9.87,5.89,175.3,1,4
1771749756889,2026-02-22T08:42:36.889Z,23,-15.84,-3.3,45.72,1,4
1771749758989,2026-02-22T08:42:38.989Z,23,-16.28,3.93,-135.09,1,4
1771749761089,2026-02-22T08:42:41.089Z,23,8.53,-1.22,173.86,1,4
1771749763189,2026-02-22T08:42:43.189Z,23,-33.76,33.34,113.43,0,4
1771749765289,2026-02-22T08:42:45.289Z,23,-42.86,-22.1,5.92,0,4
1771749767389,2026-02-22T08:42:47.389Z,23,10.03,-1.19,-127.24,1,4
1771749769489,2026-02-22T08:42:49.489Z,23,27.05,-28.5,-133.18,0,4
1771749771589,2026-02-22T08:42:51.589Z,23,-15.19,4.6,-35.01,1,4
1771749773689,2026-02-22T08:42:53.689Z,23,46.8,32.73,178.74,0,4
1771749775789,2026-02-22T08:42:55.789Z,23,43.29,36.48,-128.04,0,4
1771749777889,2026-02-22T08:42:57.889Z,23,7.6,-9.64,73.63,1,4
1771749779989,2026-02-22T08:42:59.989Z,23,-42.36,29.47,88.74,0,4
1771749782089,2026-02-22T08:43:02.089Z,23,48.04,-32.03,-32.9,0,4
1771749784189,2026-02-22T08:43:04.189Z,23,2.58,-11.95,-124.81,1,4
1771749786289,2026-02-22T08:43:06.289Z,23,32.58,20.56,-128.57,0,4
1771749788389,2026-02-22T08:43:08.389Z,23,26.22,37.78,-102.39,0,4
1771749790489,2026-02-22T08:43:10.489Z,23,25.05,21.35,-163.91,0,4
1771749706489,2026-02-22T08:41:46.489Z,23,2.37,10.41,101.29,1,5
1771749708589,2026-02-22T08:41:48.589Z,23,7.92,2.75,94.3,1,5
1771749710689,2026-02-22T08:41:50.689Z,23,-1.41,-1.3,-18.33,1,5
1771749712789,2026-02-22T08:41:52.789Z,23,27.23,27.74,144.09,0,5
1771749714889,2026-02-22T08:41:54.889Z,23,-16.35,4.43,-20.49,1,5
1771749716989,2026-02-22T08:41:56.989Z,23,-14.81,-8.69,-171.07,1,5
1771749719089,2026-02-22T08:41:59.089Z,23,39.03,-32.88,-149.35,0,5
1771749721189,2026-02-22T08:42:01.189Z,23,-48.93,-35.01,0.95,0,5
1771749723289,2026-02-22T08:42:03.289Z,23,5.7,0.83,166.46,1,5
1771749725389,2026-02-22T08:42:05.389Z,23,-10.59,8.57,122.01,1,5
1771749727489,2026-02-22T08:42:07.489Z,23,-14.95,0.87,-64.64,1,5
1771749729589,2026-02-22T08:42:09.589Z,23,-0.31,11.28,-57.62,1,5
1771749731689,2026-02-22T08:42:11.689Z,23,-17.13,0.73,-42.48,1,5
1771749733789,2026-02-22T08:42:13.789Z,23,17.27,1.09,-77.27,1,5
1771749735889,2026-02-22T08:42:15.889Z,23,9.66,-8.99,162.78,1,5
1771749737989,2026-02-22T08:42:17.989Z,23,-40.36,23.63,76.79,0,5
1771749740089,2026-02-22T08:42:20.089Z,23,-14.45,-9.3,141.48,1,5
1771749742189,2026-02-22T08:42:22.189Z,23,15.9,10.39,-161.32,1,5
1771749744289,2026-02-22T08:42:24.289Z,23,3.49,-6.85,3.1,1,5
1771749746389,2026-02-22T08:42:26.389Z,23,16.18,-6.0,-65.4,1,5
1771749748489,2026-02-22T08:42:28.489Z,23,-15.64,-12.25,48.07,1,5
1771749750589,2026-02-22T08:42:30.589Z,23,-31.73,-24.93,19.69,0,5
1771749752689,2026-02-22T08:42:32.689Z,23,39.21,21.68,48.89,0,5
1771749754789,2026-02-22T08:42:34.789Z,23,16.84,-3.29,174.71,1,5
1771749756889,2026-02-22T08:42:36.889Z,23,49.03,20.84,112.55,0,5
1771749758989,2026-02-22T08:42:38.989Z,23,41.33,-20.01,156.06,0,5
1771749761089,2026-02-22T08:42:41.089Z,23,3.52,8.83,-43.14,1,5
1771749763189,2026-02-22T08:42:43.189Z,23,4.76,2.21,3.72,1,5
1771749765289,2026-02-22T08:42:45.289Z,23,8.61,1.64,-71.77,1,5
1771749767389,2026-02-22T08:42:47.389Z,23,-13.57,-9.37,20.33,1,5
1771749769489,2026-02-22T08:42:49.489Z,23,-2.45,2.87,164.67,1,5
1771749771589,2026-02-22T08:42:51.589Z,23,6.56,-4.09,-85.91,1,5
1771749773689,2026-02-22T08:42:53.689Z,23,31.83,26.83,-14.47,0,5
1771749775789,2026-02-22T08:42:55.789Z,23,-47.85,-32.93,-179.26,0,5
1771749777889,2026-02-22T08:42:57.889Z,23,14.45,4.49,-31.26,1,5
1771749706489,2026-02-22T08:41:46.489Z,23,-15.08,9.79,54.46,1,6
1771749708589,2026-02-22T08:41:48.589Z,23,41.81,39.44,-44.5,0,6
1771749710689,2026-02-22T08:41:50.689Z,23,29.43,-22.5,-46.63,0,6
1771749712789,2026-02-22T08:41:52.789Z,23,-17.66,6.32,93.03,1,6
1771749714889,2026-02-22T08:41:54.889Z,23,29.79,36.17,-100.39,0,6
1771749716989,2026-02-22T08:41:56.989Z,23,25.92,38.09,74.51,0,6
1771749719089,2026-02-22T08:41:59.089Z,23,-10.94,8.35,-37.41,1,6
1771749721189,2026-02-22T08:42:01.189Z,23,29.26,-33.2,23.65,0,6
1771749723289,2026-02-22T08:42:03.289Z,23,-26.63,-34.92,-134.12,0,6
1771749725389,2026-02-22T08:42:05.389Z,23,-47.03,23.84,64.07,0,6
1771749727489,2026-02-22T08:42:07.489Z,23,42.02,20.04,-26.24,0,6
1771749729589,2026-02-22T08:42:09.589Z,23,-46.35,28.65,178.24,0,6
1771749731689,2026-02-22T08:42:11.689Z,23,6.49,-0.87,-49.87,1,6
1771749733789,2026-02-22T08:42:13.789Z,23,-26.17,30.65,-66.15,0,6
1771749735889,2026-02-22T08:42:15.889Z,23,-5.95,9.88,110.76,1,6
1771749737989,2026-02-22T08:42:17.989Z,23,-49.45,39.16,150.12,0,6
1771749740089,2026-02-22T08:42:20.089Z,23,-6.15,-11.37,45.11,1,6
1771749742189,2026-02-22T08:42:22.189Z,23,-2.45,-12.38,107.0,1,6
1771749744289,2026-02-22T08:42:24.289Z,23,31.18,24.77,-57.31,0,6
1771749746389,2026-02-22T08:42:26.389Z,23,-5.99,7.65,159.68,1,6
1771749748489,2026-02-22T08:42:28.489Z,23,44.1,31.58,-149.21,0,6
1771749750589,2026-02-22T08:42:30.589Z,23,-16.8,-4.85,125.17,1,6
1771749752689,2026-02-22T08:42:32.689Z,23,-13.41,10.9,-20.91,1,6
1771749754789,2026-02-22T08:42:34.789Z,23,4.54,-11.29,63.92,1,6
1771749756889,2026-02-22T08:42:36.889Z,23,46.25,21.92,90.71,0,6
1771749758989,2026-02-22T08:42:38.989Z,23,3.58,4.15,-176.18,1,6
1771749761089,2026-02-22T08:42:41.089Z,23,10.63,9.88,42.92,1,6
1771749763189,2026-02-22T08:42:43.189Z,23,15.75,7.36,-16.53,1,6
1771749765289,2026-02-22T08:42:45.289Z,23,-11.07,-10.33,34.26,1,6
1771749767389,2026-02-22T08:42:47.389Z,23,10.42,-7.97,26.36,1,6
1771749769489,2026-02-22T08:42:49.489Z,23,33.88,34.49,-19.94,0,6
1771749771589,2026-02-22T08:42:51.589Z,23,10.69,-11.43,-67.8,1,6
1771749773689,2026-02-22T08:42:53.689Z,23,16.55,6.61,-67.97,1,6
1771749775789,2026-02-22T08:42:55.789Z,23,-28.69,32.07,-75.22,0,6
1771749777889,2026-02-22T08:42:57.889Z,23,-26.43,-28.44,-109.65,0,6
1771749779989,2026-02-22T08:42:59.989Z,23,14.71,7.42,-57.04,1,6
1771749782089,2026-02-22T08:43:02.089Z,23,39.99,37.04,23.79,0,6
1771749784189,2026-02-22T08:43:04.189Z,23,-7.21,-4.46,-142.25,1,6
1771749786289,2026-02-22T08:43:06.289Z,23,-37.4,-32.78,69.56,0,6
1771749788389,2026-02-22T08:43:08.389Z,23,-10.33,-0.5,96.61,1,6
1771749790489,2026-02-22T08:43:10.489Z,23,30.13,-36.52,-177.58,0,6
1771749792589,2026-02-22T08:43:12.589Z,23,-5.12,1.42,-128.74,1,6
1771749794689,2026-02-22T08:43:14.689Z,23,4.73,10.73,-50.43,1,6
1771749796789,2026-02-22T08:43:16.789Z,23,-29.95,-24.38,-85.68,0,6
1771749706489,2026-02-22T08:41:46.489Z,23,1.96,-8.36,-172.26,1,7
1771749708589,2026-02-22T08:41:48.589Z,23,-25.52,-27.58,103.47,0,7
1771749710689,2026-02-22T08:41:50.689Z,23,15.7,-5.07,-93.55,1,7
1771749712789,2026-02-22T08:41:52.789Z,23,-48.53,37.57,-156.46,0,7
1771749714889,2026-02-22T08:41:54.889Z,23,15.27,7.67,-110.99,1,7
1771749716989,2026-02-22T08:41:56.989Z,23,-4.53,2.59,171.71,1,7
1771749719089,2026-02-22T08:41:59.089Z,23,-16.34,3.02,-111.92,1,7
1771749721189,2026-02-22T08:42:01.189Z,23,-33.19,-32.59,-79.17,0,7
1771749723289,2026-02-22T08:42:03.289Z,23,0.3,2.19,-3.96,1,7
1771749725389,2026-02-22T08:42:05.389Z,23,44.77,-23.35,-40.28,0,7
1771749727489,2026-02-22T08:42:07.489Z,23,37.46,23.58,76.5,0,7
1771749729589,2026-02-22T08:42:09.589Z,23,42.89,29.48,29.23,0,7
1771749731689,2026-02-22T08:42:11.689Z,23,-30.18,-29.04,-95.62,0,7
1771749733789,2026-02-22T08:42:13.789Z,23,-2.7,-3.2,-123.4,1,7
1771749735889,2026-02-22T08:42:15.889Z,23,38.76,-35.03,-73.78,0,7
1771749737989,2026-02-22T08:42:17.989Z,23,-39.6,30.25,-58.91,0,7
1771749740089,2026-02-22T08:42:20.089Z,23,35.22,26.34,-42.35,0,7
1771749742189,2026-02-22T08:42:22.189Z,23,-9.58,3.78,-50.73,1,7
1771749744289,2026-02-22T08:42:24.289Z,23,12.33,0.33,51.72,1,7
1771749746389,2026-02-22T08:42:26.389Z,23,-27.46,-27.2,16.57,0,7
1771749748489,2026-02-22T08:42:28.489Z,23,6.3,-6.5,88.28,1,7
1771749750589,2026-02-22T08:42:30.589Z,23,29.77,-39.97,90.86,0,7
1771749752689,2026-02-22T08:42:32.689Z,23,25.21,25.64,-55.21,0,7
1771749754789,2026-02-22T08:42:34.789Z,23,45.55,-29.44,4.55,0,7
1771749756889,2026-02-22T08:42:36.889Z,23,-46.64,-24.54,89.69,0,7
1771749706489,2026-02-22T08:41:46.489Z,24,43.06,26.81,-149.08,0,4
1771749708589,2026-02-22T08:41:48.589Z,24,44.25,24.19,-18.01,0,4
1771749710689,2026-02-22T08:41:50.689Z,24,28.47,-26.11,85.61,0,4
1771749712789,2026-02-22T08:41:52.789Z,24,33.5,28.51,90.95,0,4
1771749714889,2026-02-22T08:41:54.889Z,24,33.15,-31.35,-168.4,0,4
1771749716989,2026-02-22T08:41:56.989Z,24,17.18,12.85,24.55,1,4
1771749719089,2026-02-22T08:41:59.089Z,24,49.5,-38.97,-157.06,0,4
1771749721189,2026-02-22T08:42:01.189Z,24,-0.91,-4.45,166.3,1,4
1771749723289,2026-02-22T08:42:03.289Z,24,27.33,-33.5,-116.05,0,4
1771749725389,2026-02-22T08:42:05.389Z,24,25.67,-21.39,166.68,0,4
1771749727489,2026-02-22T08:42:07.489Z,24,-9.61,4.15,-154.81,1,4
1771749729589,2026-02-22T08:42:09.589Z,24,0.67,-8.53,129.49,1,4
1771749731689,2026-02-22T08:42:11.689Z,24,-12.35,-10.12,13.12,1,4
1771749733789,2026-02-22T08:42:13.789Z,24,-15.52,11.83,131.65,1,4
1771749735889,2026-02-22T08:42:15.889Z,24,-10.6,-1.76,75.48,1,4
1771749737989,2026-02-22T08:42:17.989Z,24,3.73,11.42,31.5,1,4
1771749740089,2026-02-22T08:42:20.089Z,24,31.89,-39.82,-19.54,0,4
1771749742189,2026-02-22T08:42:22.189Z,24,-38.15,29.2,27.41,0,4
1771749744289,2026-02-22T08:42:24.289Z,24,41.16,26.94,123.35,0,4
1771749746389,2026-02-22T08:42:26.389Z,24,40.33,-28.3,-115.35,0,4
1771749748489,2026-02-22T08:42:28.489Z,24,36.45,-33.97,-145.61,0,4
1771749750589,2026-02-22T08:42:30.589Z,24,-30.99,-25.48,46.11,0,4
1771749752689,2026-02-22T08:42:32.689Z,24,14.99,5.15,80.07,1,4
1771749754789,2026-02-22T08:42:34.789Z,24,-0.23,12.8,19.02,1,4
1771749756889,2026-02-22T08:42:36.889Z,24,-43.88,28.2,-120.66,0,4
1771749758989,2026-02-22T08:42:38.989Z,24,-16.39,-12.31,49.99,1,4
1771749761089,2026-02-22T08:42:41.089Z,24,34.53,37.12,-37.2,0,4
1771749763189,2026-02-22T08:42:43.189Z,24,-13.87,10.85,-62.24,1,4
1771749765289,2026-02-22T08:42:45.289Z,24,36.53,-30.97,-92.77,0,4
1771749767389,2026-02-22T08:42:47.389Z,24,-36.77,36.83,-118.59,0,4
1771749769489,2026-02-22T08:42:49.489Z,24,-14.38,-5.35,12.48,1,4
1771749771589,2026-02-22T08:42:51.589Z,24,-15.21,6.85,63.86,1,4
1771749773689,2026-02-22T08:42:53.689Z,24,-5.11,-7.37,-167.6,1,4
1771749775789,2026-02-22T08:42:55.789Z,24,-36.05,-36.73,112.14,0,4
1771749777889,2026-02-22T08:42:57.889Z,24,-34.77,28.88,35.35,0,4
1771749779989,2026-02-22T08:42:59.989Z,24,-4.41,-7.75,-90.11,1,4
1771749782089,2026-02-22T08:43:02.089Z,24,-27.28,20.56,-174.76,0,4
1771749784189,2026-02-22T08:43:04.189Z,24,-30.51,-35.94,118.96,0,4
1771749786289,2026-02-22T08:43:06.289Z,24,-11.99,-2.19,-141.23,1,4
1771749788389,2026-02-22T08:43:08.389Z,24,2.23,-8.07,-105.44,1,4
1771749790489,2026-02-22T08:43:10.489Z,24,28.02,-22.12,-63.59,0,4
1771749792589,2026-02-22T08:43:12.589Z,24,5.54,-12.69,-103.4,1,4
1771749794689,2026-02-22T08:43:14.689Z,24,5.69,-5.76,44.61,1,4
1771749796789,2026-02-22T08:43:16.789Z,24,13.88,-2.31,96.32,1,4
1771749798889,2026-02-22T08:43:18.889Z,24,-42.81,-25.04,-145.89,0,4
1771749706489,2026-02-22T08:41:46.489Z,24,41.95,-26.64,48.73,0,5
1771749708589,2026-02-22T08:41:48.589Z,24,49.45,21.35,-173.65,0,5
1771749710689,2026-02-22T08:41:50.689Z,24,34.56,-30.07,73.67,0,5
1771749712789,2026-02-22T08:41:52.789Z,24,-17.24,6.73,-135.34,1,5
1771749714889,2026-02-22T08:41:54.889Z,24,-2.57,-6.67,-151.42,1,5
1771749716989,2026-02-22T08:41:56.989Z,24,-0.05,-7.75,-44.73,1,5
1771749719089,2026-02-22T08:41:59.089Z,24,-48.09,34.79,-61.67,0,5
1771749721189,2026-02-22T08:42:01.189Z,24,5.17,6.77,7.51,1,5
1771749723289,2026-02-22T08:42:03.289Z,24,43.76,-36.94,-60.74,0,5
1771749725389,2026-02-22T08:42:05.389Z,24,1.42,10.57,59.4,1,5
1771749727489,2026-02-22T08:42:07.489Z,24,6.74,5.71,38.9,1,5
1771749729589,2026-02-22T08:42:09.589Z,24,-6.42,-1.5,-177.82,1,5
1771749731689,2026-02-22T08:42:11.689Z,24,-48.84,-32.69,-129.05,0,5
1771749733789,2026-02-22T08:42:13.789Z,24,-14.7,2.41,119.24,1,5
1771749735889,2026-02-22T08:42:15.889Z,24,-37.69,34.5,-67.87,0,5
1771749737989,2026-02-22T08:42:17.989Z,24,-35.6,-26.06,27.51,0,5
1771749740089,2026-02-22T08:42:20.089Z,24,-31.8,21.6,170.12,0,5
1771749742189,2026-02-22T08:42:22.189Z,24,-11.96,-1.52,1.91,1,5
1771749744289,2026-02-22T08:42:24.289Z,24,-45.49,20.4,-42.69,0,5
1771749746389,2026-02-22T08:42:26.389Z,24,39.88,-31.06,-116.75,0,5
1771749748489,2026-02-22T08:42:28.489Z,24,-6.99,-5.64,22.37,1,5
1771749750589,2026-02-22T08:42:30.589Z,24,-6.0,5.59,-109.54,1,5
1771749752689,2026-02-22T08:42:32.689Z,24,-25.32,29.83,153.25,0,5
1771749754789,2026-02-22T08:42:34.789Z,24,34.6,32.82,31.79,0,5
1771749756889,2026-02-22T08:42:36.889Z,24,-16.6,10.96,-41.46,1,5
1771749758989,2026-02-22T08:42:38.989Z,24,-11.01,-1.66,-88.11,1,5
1771749761089,2026-02-22T08:42:41.089Z,24,37.74,32.7,-47.46,0,5
1771749763189,2026-02-22T08:42:43.189Z,24,-4.13,-1.97,-91.15,1,5
1771749765289,2026-02-22T08:42:45.289Z,24,15.17,-3.6,74.36,1,5
1771749767389,2026-02-22T08:42:47.389Z,24,5.96,-9.16,37.96,1,5
1771749706489,2026-02-22T08:41:46.489Z,24,-25.31,-32.89,150.08,0,6
1771749708589,2026-02-22T08:41:48.589Z,24,3.1,10.43,6.67,1,6
1771749710689,2026-02-22T08:41:50.689Z,24,-2.77,8.57,-88.97,1,6
1771749712789,2026-02-22T08:41:52.789Z,24,16.84,4.12,-42.2,1,6
1771749714889,2026-02-22T08:41:54.889Z,24,-3.18,9.79,81.95,1,6
1771749716989,2026-02-22T08:41:56.989Z,24,4.9,7.19,-56.02,1,6
1771749719089,2026-02-22T08:41:59.089Z,24,8.95,11.18,-36.73,1,6
1771749721189,2026-02-22T08:42:01.189Z,24,17.53,8.23,-179.43,1,6
1771749723289,2026-02-22T08:42:03.289Z,24,7.07,0.65,55.63,1,6
1771749725389,2026-02-22T08:42:05.389Z,24,-29.41,-34.08,-108.71,0,6
1771749727489,2026-02-22T08:42:07.489Z,24,16.15,-1.28,113.17,1,6
1771749729589,2026-02-22T08:42:09.589Z,24,-15.88,-8.25,93.3,1,6
1771749731689,2026-02-22T08:42:11.689Z,24,14.48,-2.37,45.66,1,6
1771749733789,2026-02-22T08:42:13.789Z,24,-27.0,-27.55,-80.37,0,6
1771749735889,2026-02-22T08:42:15.889Z,24,3.08,-0.57,62.21,1,6
1771749737989,2026-02-22T08:42:17.989Z,24,-15.8,6.55,-177.4,1,6
1771749740089,2026-02-22T08:42:20.089Z,24,-27.42,-27.51,7.23,0,6
1771749742189,2026-02-22T08:42:22.189Z,24,48.3,35.14,37.57,0,6
1771749744289,2026-02-22T08:42:24.289Z,24,6.55,-4.08,-66.52,1,6
1771749746389,2026-02-22T08:42:26.389Z,24,-5.0,-2.64,39.89,1,6
1771749748489,2026-02-22T08:42:28.489Z,24,45.16,-29.14,71.39,0,6
1771749750589,2026-02-22T08:42:30.589Z,24,-25.64,-37.38,-79.39,0,6
1771749752689,2026-02-22T08:42:32.689Z,24,-34.21,30.3,57.68,0,6
1771749754789,2026-02-22T08:42:34.789Z,24,4.97,11.49,-64.01,1,6
1771749756889,2026-02-22T08:42:36.889Z,24,-49.24,33.56,-95.92,0,6
1771749758989,2026-02-22T08:42:38.989Z,24,8.61,7.64,-54.6,1,6
1771749761089,2026-02-22T08:42:41.089Z,24,49.67,-34.69,-74.21,0,6
1771749706489,2026-02-22T08:41:46.489Z,24,-28.2,-26.03,62.3,0,7
1771749708589,2026-02-22T08:41:48.589Z,24,13.49,-8.63,-19.34,1,7
1771749710689,2026-02-22T08:41:50.689Z,24,5.86,-6.74,-103.81,1,7
1771749712789,2026-02-22T08:41:52.789Z,24,-27.64,-23.2,154.43,0,7
1771749714889,2026-02-22T08:41:54.889Z,24,30.51,33.32,162.54,0,7
1771749716989,2026-02-22T08:41:56.989Z,24,-48.07,21.81,69.04,0,7
1771749719089,2026-02-22T08:41:59.089Z,24,-41.1,38.2,87.47,0,7
1771749721189,2026-02-22T08:42:01.189Z,24,45.21,-25.18,-75.25,0,7
1771749723289,2026-02-22T08:42:03.289Z,24,-5.75,2.4,-112.26,1,7
1771749725389,2026-02-22T08:42:05.389Z,24,28.19,39.08,27.69,0,7
1771749727489,2026-02-22T08:42:07.489Z,24,-15.77,0.93,124.96,1,7
1771749729589,2026-02-22T08:42:09.589Z,24,44.28,-30.4,36.58,0,7
1771749731689,2026-02-22T08:42:11.689Z,24,-3.77,1.0,-14.18,1,7
1771749733789,2026-02-22T08:42:13.789Z,24,15.94,8.77,-0.06,1,7
1771749735889,2026-02-22T08:42:15.889Z,24,3.65,-9.21,59.53,1,7
1771749737989,2026-02-22T08:42:17.989Z,24,-39.97,30.05,67.9,0,7
1771749740089,2026-02-22T08:42:20.089Z,24,12.52,1.92,47.19,1,7
1771749742189,2026-02-22T08:42:22.189Z,24,-7.51,12.13,-158.83,1,7
1771749744289,2026-02-22T08:42:24.289Z,24,-45.7,-36.96,156.4,0,7
1771749746389,2026-02-22T08:42:26.389Z,24,8.49,11.0,99.37,1,7
1771749748489,2026-02-22T08:42:28.489Z,24,32.48,-39.82,17.26,0,7
1771749750589,2026-02-22T08:42:30.589Z,24,6.4,12.75,92.78,1,7
1771749752689,2026-02-22T08:42:32.689Z,24,1.0,-5.64,70.7,1,7
1771749754789,2026-02-22T08:42:34.789Z,24,12.83,-2.76,-132.88,1,7
1771749756889,2026-02-22T08:42:36.889Z,24,-46.25,29.15,-121.07,0,7
1771749758989,2026-02-22T08:42:38.989Z,24,7.05,-5.43,-127.86,1,7
1771749706489,2026-02-22T08:41:46.489Z,25,-4.96,9.26,-143.3,1,4
1771749708589,2026-02-22T08:41:48.589Z,25,-34.41,33.59,-119.44,0,4
1771749710689,2026-02-22T08:41:50.689Z,25,-5.2,-0.68,160.22,1,4
1771749712789,2026-02-22T08:41:52.789Z,25,0.56,-4.2,-23.82,1,4
1771749714889,2026-02-22T08:41:54.889Z,25,8.01,-6.63,-137.23,1,4
1771749716989,2026-02-22T08:41:56.989Z,25,-7.1,2.5,-117.9,1,4
1771749719089,2026-02-22T08:41:59.089Z,25,9.93,12.77,61.46,1,4
1771749721189,2026-02-22T08:42:01.189Z,25,-1.31,8.27,-42.44,1,4
1771749723289,2026-02-22T08:42:03.289Z,25,-1.98,-12.7,-138.01,1,4
1771749725389,2026-02-22T08:42:05.389Z,25,5.09,10.62,-99.02,1,4
1771749727489,2026-02-22T08:42:07.489Z,25,17.54,-0.53,69.74,1,4
1771749729589,2026-02-22T08:42:09.589Z,25,3.34,-3.02,179.98,1,4
1771749731689,2026-02-22T08:42:11.689Z,25,-7.26,-9.74,-62.92,1,4
1771749733789,2026-02-22T08:42:13.789Z,25,13.04,0.98,-34.08,1,4
1771749735889,2026-02-22T08:42:15.889Z,25,-3.82,8.25,102.05,1,4
1771749737989,2026-02-22T08:42:17.989Z,25,-15.7,8.77,14.03,1,4
1771749740089,2026-02-22T08:42:20.089Z,25,-43.84,-39.31,143.14,0,4
1771749742189,2026-02-22T08:42:22.189Z,25,3.57,-8.32,19.7,1,4
1771749744289,2026-02-22T08:42:24.289Z,25,-25.98,-33.05,-148.38,0,4
1771749746389,2026-02-22T08:42:26.389Z,25,9.11,-10.8,-135.1,1,4
1771749748489,2026-02-22T08:42:28.489Z,25,16.79,-8.54,171.76,1,4
1771749750589,2026-02-22T08:42:30.589Z,25,-9.06,-11.8,160.49,1,4
1771749752689,2026-02-22T08:42:32.689Z,25,41.48,22.8,-3.44,0,4
1771749754789,2026-02-22T08:42:34.789Z,25,14.79,12.92,38.22,1,4
1771749756889,2026-02-22T08:42:36.889Z,25,6.77,4.23,-163.9,1,4
1771749758989,2026-02-22T08:42:38.989Z,25,-12.9,9.26,-102.52,1,4
1771749761089,2026-02-22T08:42:41.089Z,25,1.87,2.39,-80.14,1,4
1771749763189,2026-02-22T08:42:43.189Z,25,-2.81,1.3,-86.16,1,4
1771749765289,2026-02-22T08:42:45.289Z,25,-12.12,-1.14,160.11,1,4
1771749767389,2026-02-22T08:42:47.389Z,25,15.85,-9.28,-106.65,1,4
1771749769489,2026-02-22T08:42:49.489Z,25,-8.3,3.46,52.41,1,4
1771749771589,2026-02-22T08:42:51.589Z,25,2.29,3.84,4.11,1,4
1771749773689,2026-02-22T08:42:53.689Z,25,11.58,-4.77,103.6,1,4
1771749775789,2026-02-22T08:42:55.789Z,25,16.7,-6.57,-82.75,1,4
1771749777889,2026-02-22T08:42:57.889Z,25,6.62,-2.42,-61.43,1,4
1771749779989,2026-02-22T08:42:59.989Z,25,14.73,7.23,-127.32,1,4
1771749782089,2026-02-22T08:43:02.089Z,25,25.25,39.59,-100.0,0,4
1771749784189,2026-02-22T08:43:04.189Z,25,-29.39,31.78,110.45,0,4
1771749786289,2026-02-22T08:43:06.289Z,25,-5.44,1.88,-78.48,1,4
1771749788389,2026-02-22T08:43:08.389Z,25,-14.43,-11.75,-65.52,1,4
1771749790489,2026-02-22T08:43:10.489Z,25,-11.5,7.96,64.01,1,4
1771749792589,2026-02-22T08:43:12.589Z,25,36.92,-25.18,67.2,0,4
1771749794689,2026-02-22T08:43:14.689Z,25,5.67,-9.29,24.32,1,4
1771749706489,2026-02-22T08:41:46.489Z,25,8.12,12.34,74.7,1,5
1771749708589,2026-02-22T08:41:48.589Z,25,3.91,5.38,-114.08,1,5
1771749710689,2026-02-22T08:41:50.689Z,25,37.56,39.05,7.41,0,5
1771749712789,2026-02-22T08:41:52.789Z,25,15.26,-7.05,48.83,1,5
1771749714889,2026-02-22T08:41:54.889Z,25,-7.0,7.04,124.29,1,5
1771749716989,2026-02-22T08:41:56.989Z,25,-15.24,-6.76,-146.29,1,5
1771749719089,2026-02-22T08:41:59.089Z,25,-14.95,-5.57,154.65,1,5
1771749721189,2026-02-22T08:42:01.189Z,25,-49.05,33.54,155.68,0,5
1771749723289,2026-02-22T08:42:03.289Z,25,-0.08,4.81,63.64,1,5
1771749725389,2026-02-22T08:42:05.389Z,25,-13.51,-12.64,-111.53,1,5
1771749727489,2026-02-22T08:42:07.489Z,25,-42.85,24.88,86.03,0,5
1771749729589,2026-02-22T08:42:09.589Z,25,-40.18,-33.49,137.5,0,5
1771749731689,2026-02-22T08:42:11.689Z,25,-9.9,-11.05,122.19,1,5
1771749733789,2026-02-22T08:42:13.789Z,25,16.29,-2.01,-43.53,1,5
1771749735889,2026-02-22T08:42:15.889Z,25,-13.92,10.77,-90.08,1,5
1771749737989,2026-02-22T08:42:17.989Z,25,9.59,-9.94,-72.3,1,5
1771749740089,2026-02-22T08:42:20.089Z,25,-10.33,6.19,24.78,1,5
1771749742189,2026-02-22T08:42:22.189Z,25,-7.03,11.26,51.47,1,5
1771749744289,2026-02-22T08:42:24.289Z,25,-48.39,21.15,-177.88,0,5
1771749746389,2026-02-22T08:42:26.389Z,25,-7.26,-10.21,-54.1,1,5
1771749748489,2026-02-22T08:42:28.489Z,25,-3.53,-12.77,-24.91,1,5
1771749750589,2026-02-22T08:42:30.589Z,25,1.05,10.36,-32.14,1,5
1771749752689,2026-02-22T08:42:32.689Z,25,-28.89,24.52,-37.67,0,5
1771749754789,2026-02-22T08:42:34.789Z,25,-2.58,-8.26,112.16,1,5
1771749756889,2026-02-22T08:42:36.889Z,25,-2.21,8.82,-121.74,1,5
1771749758989,2026-02-22T08:42:38.989Z,25,-2.38,-3.66,133.39,1,5
1771749761089,2026-02-22T08:42:41.089Z,25,-11.18,-11.95,-37.96,1,5
1771749763189,2026-02-22T08:42:43.189Z,25,14.44,-8.83,-108.36,1,5
1771749706489,2026-02-22T08:41:46.489Z,25,-0.39,-0.12,65.43,1,6
1771749708589,2026-02-22T08:41:48.589Z,25,9.04,7.29,-36.04,1,6
1771749710689,2026-02-22T08:41:50.689Z,25,28.29,-35.85,-134.6,0,6
1771749712789,2026-02-22T08:41:52.789Z,25,-17.51,4.8,-161.27,1,6
1771749714889,2026-02-22T08:41:54.889Z,25,49.41,-28.69,-75.79,0,6
1771749716989,2026-02-22T08:41:56.989Z,25,9.39,-6.56,-125.1,1,6
1771749719089,2026-02-22T08:41:59.089Z,25,-9.02,6.93,131.1,1,6
1771749721189,2026-02-22T08:42:01.189Z,25,-41.66,23.97,74.33,0,6
1771749723289,2026-02-22T08:42:03.289Z,25,-29.72,-24.59,-132.37,0,6
1771749725389,2026-02-22T08:42:05.389Z,25,17.65,11.16,-26.53,1,6
1771749727489,2026-02-22T08:42:07.489Z,25,-14.73,-11.68,-33.37,1,6
1771749729589,2026-02-22T08:42:09.589Z,25,4.8,-6.98,-58.98,1,6
1771749731689,2026-02-22T08:42:11.689Z,25,0.36,3.74,-70.46,1,6
1771749733789,2026-02-22T08:42:13.789Z,25,-7.9,-3.87,-29.49,1,6
1771749735889,2026-02-22T08:42:15.889Z,25,-16.29,-11.94,-161.23,1,6
1771749737989,2026-02-22T08:42:17.989Z,25,-32.13,38.17,-143.73,0,6
1771749740089,2026-02-22T08:42:20.089Z,25,16.14,-3.55,-70.43,1,6
1771749742189,2026-02-22T08:42:22.189Z,25,-17.51,1.35,130.31,1,6
1771749744289,2026-02-22T08:42:24.289Z,25,8.69,-3.6,100.37,1,6
1771749746389,2026-02-22T08:42:26.389Z,25,-4.62,3.91,-104.39,1,6
1771749748489,2026-02-22T08:42:28.489Z,25,13.94,-9.61,87.33,1,6
1771749750589,2026-02-22T08:42:30.589Z,25,3.12,10.72,55.57,1,6
1771749752689,2026-02-22T08:42:32.689Z,25,7.37,11.06,-153.04,1,6
1771749754789,2026-02-22T08:42:34.789Z,25,-5.66,5.86,176.27,1,6
1771749756889,2026-02-22T08:42:36.889Z,25,7.95,-11.86,-110.99,1,6
1771749758989,2026-02-22T08:42:38.989Z,25,-8.91,9.8,127.24,1,6
1771749761089,2026-02-22T08:42:41.089Z,25,47.37,32.6,-137.73,0,6
1771749763189,2026-02-22T08:42:43.189Z,25,-0.62,0.62,162.88,1,6
1771749706489,2026-02-22T08:41:46.489Z,25,3.57,5.11,-133.58,1,7
1771749708589,2026-02-22T08:41:48.589Z,25,2.38,7.65,69.77,1,7
1771749710689,2026-02-22T08:41:50.689Z,25,-3.69,4.8,133.29,1,7
1771749712789,2026-02-22T08:41:52.789Z,25,-35.94,31.25,-39.51,0,7
1771749714889,2026-02-22T08:41:54.889Z,25,-10.55,-12.91,25.88,1,7
1771749716989,2026-02-22T08:41:56.989Z,25,-17.68,11.14,4.61,1,7
1771749719089,2026-02-22T08:41:59.089Z,25,7.94,-6.27,126.89,1,7
1771749721189,2026-02-22T08:42:01.189Z,25,-8.33,-9.9,-99.39,1,7
1771749723289,2026-02-22T08:42:03.289Z,25,-7.49,3.63,159.14,1,7
1771749725389,2026-02-22T08:42:05.389Z,25,-13.21,9.71,-161.45,1,7
1771749727489,2026-02-22T08:42:07.489Z,25,-38.36,-32.97,47.77,0,7
1771749729589,2026-02-22T08:42:09.589Z,25,27.08,34.44,-33.0,0,7
1771749731689,2026-02-22T08:42:11.689Z,25,-6.31,-11.51,113.73,1,7
1771749733789,2026-02-22T08:42:13.789Z,25,-10.11,12.1,-116.38,1,7
1771749735889,2026-02-22T08:42:15.889Z,25,-43.07,38.91,-87.36,0,7
1771749737989,2026-02-22T08:42:17.989Z,25,3.76,-7.64,-20.81,1,7
1771749740089,2026-02-22T08:42:20.089Z,25,-10.66,3.37,128.96,1,7
1771749742189,2026-02-22T08:42:22.189Z,25,-1.94,5.98,-23.79,1,7
1771749744289,2026-02-22T08:42:24.289Z,25,-0.76,-0.11,-14.62,1,7
1771749746389,2026-02-22T08:42:26.389Z,25,-11.66,1.81,159.61,1,7
1771749748489,2026-02-22T08:42:28.489Z,25,-7.85,-4.94,138.69,1,7
1771749750589,2026-02-22T08:42:30.589Z,25,6.75,-8.12,-128.33,1,7
1771749752689,2026-02-22T08:42:32.689Z,25,-1.62,3.77,-35.1,1,7
1771749754789,2026-02-22T08:42:34.789Z,25,-13.06,6.51,-175.76,1,7
1771749756889,2026-02-22T08:42:36.889Z,25,-4.18,-10.14,-175.12,1,7
1771749758989,2026-02-22T08:42:38.989Z,25,15.65,-9.56,97.24,1,7
1771749761089,2026-02-22T08:42:41.089Z,25,15.79,2.59,105.26,1,7
1771749763189,2026-02-22T08:42:43.189Z,25,10.5,1.1,114.57,1,7
1771749765289,2026-02-22T08:42:45.289Z,25,-14.94,-9.38,93.48,1,7
1771749767389,2026-02-22T08:42:47.389Z,25,11.36,-5.01,-7.59,1,7
1771749769489,2026-02-22T08:42:49.489Z,25,1.57,-6.05,15.7,1,7
1771749771589,2026-02-22T08:42:51.589Z,25,-16.4,1.16,-143.08,1,7
1771749773689,2026-02-22T08:42:53.689Z,25,-3.05,-12.97,-99.25,1,7
1771749775789,2026-02-22T08:42:55.789Z,25,-4.13,-3.81,-76.74,1,7
1771749777889,2026-02-22T08:42:57.889Z,25,42.17,-29.84,176.68,0,7
1771749779989,2026-02-22T08:42:59.989Z,25,16.43,-5.67,-152.54,1,7
1771749782089,2026-02-22T08:43:02.089Z,25,-5.02,11.04,-149.47,1,7
1771749784189,2026-02-22T08:43:04.189Z,25,-12.56,-1.86,-59.46,1,7
1771749786289,2026-02-22T08:43:06.289Z,25,-2.69,10.22,67.38,1,7
1771749788389,2026-02-22T08:43:08.389Z,25,-7.67,9.76,-82.41,1,7
1771749790489,2026-02-22T08:43:10.489Z,25,-4.71,-6.1,146.51,1,7
1771749792589,2026-02-22T08:43:12.589Z,25,10.4,9.4,172.1,1,7
1771749794689,2026-02-22T08:43:14.689Z,25,-12.72,-9.16,-19.19,1,7
1771749796789,2026-02-22T08:43:16.789Z,25,17.15,8.18,-139.26,1,7
1771749798889,2026-02-22T08:43:18.889Z,25,8.16,-9.24,-63.7,1,7
1771749706489,2026-02-22T08:41:46.489Z,26,-2.74,5.03,-30.98,1,4
1771749708589,2026-02-22T08:41:48.589Z,26,28.46,-27.66,17.76,0,4
1771749710689,2026-02-22T08:41:50.689Z,26,-0.27,0.94,-97.16,1,4
1771749712789,2026-02-22T08:41:52.789Z,26,7.74,0.7,99.57,1,4
1771749714889,2026-02-22T08:41:54.889Z,26,-42.58,-27.23,-106.82,0,4
1771749716989,2026-02-22T08:41:56.989Z,26,38.96,-38.42,-158.55,0,4
1771749719089,2026-02-22T08:41:59.089Z,26,12.56,9.54,114.84,1,4
1771749721189,2026-02-22T08:42:01.189Z,26,-12.81,9.19,169.86,1,4
1771749723289,2026-02-22T08:42:03.289Z,26,-30.27,-21.12,-130.39,0,4
1771749725389,2026-02-22T08:42:05.389Z,26,-34.44,-33.92,-27.1,0,4
1771749727489,2026-02-22T08:42:07.489Z,26,-14.18,2.12,-8.34,1,4
1771749729589,2026-02-22T08:42:09.589Z,26,-12.31,-9.18,-129.14,1,4
1771749731689,2026-02-22T08:42:11.689Z,26,-17.55,8.61,-30.06,1,4
1771749733789,2026-02-22T08:42:13.789Z,26,43.59,29.4,80.12,0,4
1771749735889,2026-02-22T08:42:15.889Z,26,5.21,-12.66,-139.94,1,4
1771749737989,2026-02-22T08:42:17.989Z,26,5.13,2.71,-117.51,1,4
1771749740089,2026-02-22T08:42:20.089Z,26,-3.73,-1.99,161.37,1,4
1771749742189,2026-02-22T08:42:22.189Z,26,7.61,-6.29,25.94,1,4
1771749744289,2026-02-22T08:42:24.289Z,26,-9.82,11.22,-82.14,1,4
1771749746389,2026-02-22T08:42:26.389Z,26,-4.41,11.73,87.53,1,4
1771749748489,2026-02-22T08:42:28.489Z,26,-15.98,-2.8,116.1,1,4
1771749750589,2026-02-22T08:42:30.589Z,26,-45.41,29.55,54.97,0,4
1771749752689,2026-02-22T08:42:32.689Z,26,-4.3,-11.58,-46.27,1,4
1771749754789,2026-02-22T08:42:34.789Z,26,-8.28,-10.29,-49.43,1,4
1771749756889,2026-02-22T08:42:36.889Z,26,25.7,23.26,-141.67,0,4
1771749758989,2026-02-22T08:42:38.989Z,26,-17.6,10.65,-112.41,1,4
1771749761089,2026-02-22T08:42:41.089Z,26,15.45,-6.75,-149.39,1,4
1771749763189,2026-02-22T08:42:43.189Z,26,-16.38,12.65,-5.83,1,4
1771749765289,2026-02-22T08:42:45.289Z,26,-14.64,-4.98,172.99,1,4
1771749767389,2026-02-22T08:42:47.389Z,26,37.51,35.04,81.25,0,4
1771749769489,2026-02-22T08:42:49.489Z,26,-33.28,-30.04,99.02,0,4
1771749706489,2026-02-22T08:41:46.489Z,26,-4.24,2.25,126.73,1,5
1771749708589,2026-02-22T08:41:48.589Z,26,-12.54,-0.96,138.67,1,5
1771749710689,2026-02-22T08:41:50.689Z,26,7.86,9.99,110.69,1,5
1771749712789,2026-02-22T08:41:52.789Z,26,9.68,-8.81,166.92,1,5
1771749714889,2026-02-22T08:41:54.889Z,26,8.23,3.94,154.88,1,5
1771749716989,2026-02-22T08:41:56.989Z,26,10.27,-4.19,-50.29,1,5
1771749719089,2026-02-22T08:41:59.089Z,26,26.0,24.78,178.92,0,5
1771749721189,2026-02-22T08:42:01.189Z,26,16.49,1.74,177.99,1,5
1771749723289,2026-02-22T08:42:03.289Z,26,-17.46,6.92,-68.56,1,5
1771749725389,2026-02-22T08:42:05.389Z,26,-37.47,26.27,156.26,0,5
1771749727489,2026-02-22T08:42:07.489Z,26,-7.92,-3.55,-147.88,1,5
1771749729589,2026-02-22T08:42:09.589Z,26,9.79,-6.29,-9.63,1,5
1771749731689,2026-02-22T08:42:11.689Z,26,13.56,3.91,-129.44,1,5
1771749733789,2026-02-22T08:42:13.789Z,26,2.47,-11.97,129.24,1,5
1771749735889,2026-02-22T08:42:15.889Z,26,12.85,10.85,-133.57,1,5
1771749737989,2026-02-22T08:42:17.989Z,26,12.41,11.75,-45.47,1,5
1771749740089,2026-02-22T08:42:20.089Z,26,0.21,-6.17,135.19,1,5
1771749742189,2026-02-22T08:42:22.189Z,26,4.34,3.74,86.78,1,5
1771749744289,2026-02-22T08:42:24.289Z,26,11.56,-12.79,127.1,1,5
1771749746389,2026-02-22T08:42:26.389Z,26,-12.3,-2.62,-153.73,1,5
1771749706489,2026-02-22T08:41:46.489Z,26,-1.13,0.91,114.58,1,6
1771749708589,2026-02-22T08:41:48.589Z,26,-11.51,-10.18,165.44,1,6
1771749710689,2026-02-22T08:41:50.689Z,26,-2.41,-2.56,-156.79,1,6
1771749712789,2026-02-22T08:41:52.789Z,26,3.76,-7.47,86.86,1,6
1771749714889,2026-02-22T08:41:54.889Z,26,-1.64,1.17,161.47,1,6
1771749716989,2026-02-22T08:41:56.989Z,26,-10.32,1.77,175.61,1,6
1771749719089,2026-02-22T08:41:59.089Z,26,-48.41,35.79,172.28,0,6
1771749721189,2026-02-22T08:42:01.189Z,26,-10.39,-12.4,93.1,1,6
1771749723289,2026-02-22T08:42:03.289Z,26,-8.93,-8.42,-128.97,1,6
1771749725389,2026-02-22T08:42:05.389Z,26,-15.06,9.72,-17.49,1,6
1771749727489,2026-02-22T08:42:07.489Z,26,-10.29,10.22,-113.73,1,6
1771749729589,2026-02-22T08:42:09.589Z,26,14.22,-1.86,166.81,1,6
1771749731689,2026-02-22T08:42:11.689Z,26,-10.85,11.49,-6.61,1,6
1771749733789,2026-02-22T08:42:13.789Z,26,10.22,12.11,-22.76,1,6
1771749735889,2026-02-22T08:42:15.889Z,26,45.58,-21.56,60.47,0,6
1771749737989,2026-02-22T08:42:17.989Z,26,-6.35,12.65,158.03,1,6
1771749740089,2026-02-22T08:42:20.089Z,26,25.35,38.68,-0.2,0,6
1771749742189,2026-02-22T08:42:22.189Z,26,10.51,4.52,-85.39,1,6
1771749744289,2026-02-22T08:42:24.289Z,26,48.58,-32.69,50.01,0,6
1771749746389,2026-02-22T08:42:26.389Z,26,-16.69,6.39,-112.44,1,6
1771749748489,2026-02-22T08:42:28.489Z,26,-40.02,-26.96,162.86,0,6
1771749750589,2026-02-22T08:42:30.589Z,26,-34.26,20.32,142.8,0,6
1771749706489,2026-02-22T08:41:46.489Z,26,-42.48,28.28,-53.38,0,7
1771749708589,2026-02-22T08:41:48.589Z,26,38.08,22.27,-116.71,0,7
1771749710689,2026-02-22T08:41:50.689Z,26,-11.63,2.47,15.39,1,7
1771749712789,2026-02-22T08:41:52.789Z,26,12.42,4.9,-22.5,1,7
1771749714889,2026-02-22T08:41:54.889Z,26,4.33,11.05,128.52,1,7
1771749716989,2026-02-22T08:41:56.989Z,26,-27.24,-32.33,-31.94,0,7
1771749719089,2026-02-22T08:41:59.089Z,26,9.06,11.11,-144.11,1,7
1771749721189,2026-02-22T08:42:01.189Z,26,2.92,-12.15,-75.63,1,7
1771749723289,2026-02-22T08:42:03.289Z,26,-9.98,-1.18,-42.81,1,7
1771749725389,2026-02-22T08:42:05.389Z,26,-1.1,-9.76,168.34,1,7
1771749727489,2026-02-22T08:42:07.489Z,26,47.7,20.15,-45.13,0,7
1771749729589,2026-02-22T08:42:09.589Z,26,-7.79,9.87,-84.78,1,7
1771749731689,2026-02-22T08:42:11.689Z,26,41.83,-38.0,-30.76,0,7
1771749733789,2026-02-22T08:42:13.789Z,26,-12.48,-3.27,114.01,1,7
1771749735889,2026-02-22T08:42:15.889Z,26,33.38,24.84,170.46,0,7
1771749737989,2026-02-22T08:42:17.989Z,26,5.2,8.54,108.48,1,7
1771749740089,2026-02-22T08:42:20.089Z,26,-13.36,3.54,171.85,1,7
1771749742189,2026-02-22T08:42:22.189Z,26,14.55,0.45,-22.54,1,7
1771749744289,2026-02-22T08:42:24.289Z,26,10.84,0.11,47.32,1,7
1771749746389,2026-02-22T08:42:26.389Z,26,45.93,-38.97,-106.65,0,7
1771749748489,2026-02-22T08:42:28.489Z,26,-2.25,3.35,33.58,1,7
1771749750589,2026-02-22T08:42:30.589Z,26,7.47,10.94,-151.64,1,7
1771749752689,2026-02-22T08:42:32.689Z,26,8.72,-9.61,-16.67,1,7
1771749754789,2026-02-22T08:42:34.789Z,26,-5.11,-6.77,143.25,1,7
1771749756889,2026-02-22T08:42:36.889Z,26,1.28,-6.62,100.81,1,7
1771749758989,2026-02-22T08:42:38.989Z,26,41.48,21.66,-128.24,0,7
1771749761089,2026-02-22T08:42:41.089Z,26,17.45,9.54,-140.06,1,7
1771749763189,2026-02-22T08:42:43.189Z,26,-27.68,25.24,-114.97,0,7
1771749765289,2026-02-22T08:42:45.289Z,26,12.41,10.73,-105.13,1,7
1771749767389,2026-02-22T08:42:47.389Z,26,10.64,-2.24,-4.85,1,7
1771749769489,2026-02-22T08:42:49.489Z,26,-10.43,-2.08,140.3,1,7
1771749771589,2026-02-22T08:42:51.589Z,26,-1.77,-8.81,-72.45,1,7
1771749773689,2026-02-22T08:42:53.689Z,26,-27.93,39.87,-5.79,0,7
1771749775789,2026-02-22T08:42:55.789Z,26,1.67,-8.88,87.01,1,7
1771749777889,2026-02-22T08:42:57.889Z,26,-40.15,-30.36,93.95,0,7
1771749779989,2026-02-22T08:42:59.989Z,26,-4.86,10.36,-169.38,1,7
1771749706489,2026-02-22T08:41:46.489Z,27,31.84,-39.06,-54.52,0,4
1771749708589,2026-02-22T08:41:48.589Z,27,36.68,28.72,160.68,0,4
1771749710689,2026-02-22T08:41:50.689Z,27,29.32,39.24,-142.96,0,4
1771749712789,2026-02-22T08:41:52.789Z,27,29.14,-39.08,-4.38,0,4
1771749714889,2026-02-22T08:41:54.889Z,27,39.91,36.32,44.25,0,4
1771749716989,2026-02-22T08:41:56.989Z,27,29.99,27.48,47.77,0,4
1771749719089,2026-02-22T08:41:59.089Z,27,-11.98,-12.12,4.09,1,4
1771749721189,2026-02-22T08:42:01.189Z,27,40.1,27.97,-138.73,0,4
1771749723289,2026-02-22T08:42:03.289Z,27,44.77,24.91,-102.53,0,4
1771749725389,2026-02-22T08:42:05.389Z,27,-12.78,-4.82,-176.53,1,4
1771749727489,2026-02-22T08:42:07.489Z,27,30.34,37.97,22.19,0,4
1771749729589,2026-02-22T08:42:09.589Z,27,3.66,0.71,-142.95,1,4
1771749731689,2026-02-22T08:42:11.689Z,27,3.88,9.97,129.57,1,4
1771749733789,2026-02-22T08:42:13.789Z,27,14.14,-2.03,92.23,1,4
1771749735889,2026-02-22T08:42:15.889Z,27,-6.48,-7.87,108.98,1,4
1771749737989,2026-02-22T08:42:17.989Z,27,17.65,-2.05,-135.33,1,4
1771749740089,2026-02-22T08:42:20.089Z,27,-6.23,-3.05,27.51,1,4
1771749742189,2026-02-22T08:42:22.189Z,27,5.17,9.26,175.66,1,4
1771749744289,2026-02-22T08:42:24.289Z,27,28.28,20.74,12.05,0,4
1771749746389,2026-02-22T08:42:26.389Z,27,41.12,-29.4,118.75,0,4
1771749748489,2026-02-22T08:42:28.489Z,27,-7.16,-4.75,-55.5,1,4
1771749750589,2026-02-22T08:42:30.589Z,27,9.89,-0.16,-163.05,1,4
1771749752689,2026-02-22T08:42:32.689Z,27,17.42,-0.17,50.79,1,4
1771749754789,2026-02-22T08:42:34.789Z,27,48.44,-20.59,-162.78,0,4
1771749756889,2026-02-22T08:42:36.889Z,27,-14.22,-4.61,67.54,1,4
1771749758989,2026-02-22T08:42:38.989Z,27,-11.87,-8.03,144.82,1,4
1771749761089,2026-02-22T08:42:41.089Z,27,14.5,12.73,156.28,1,4
1771749763189,2026-02-22T08:42:43.189Z,27,47.08,-22.22,160.97,0,4
1771749765289,2026-02-22T08:42:45.289Z,27,-6.14,2.93,112.49,1,4
1771749767389,2026-02-22T08:42:47.389Z,27,-11.87,-9.42,-14.15,1,4
1771749769489,2026-02-22T08:42:49.489Z,27,13.03,6.58,139.61,1,4
1771749771589,2026-02-22T08:42:51.589Z,27,40.92,-30.44,-93.41,0,4
1771749773689,2026-02-22T08:42:53.689Z,27,-0.36,-5.71,98.15,1,4
1771749775789,2026-02-22T08:42:55.789Z,27,-14.7,6.92,76.1,1,4
1771749777889,2026-02-22T08:42:57.889Z,27,12.08,-6.7,52.97,1,4
1771749779989,2026-02-22T08:42:59.989Z,27,-26.88,21.21,-175.27,0,4
1771749782089,2026-02-22T08:43:02.089Z,27,11.47,-8.11,-142.37,1,4
1771749784189,2026-02-22T08:43:04.189Z,27,3.26,0.72,129.05,1,4
1771749786289,2026-02-22T08:43:06.289Z,27,42.71,-36.96,-141.96,0,4
1771749788389,2026-02-22T08:43:08.389Z,27,15.0,-2.98,-17.12,1,4
1771749790489,2026-02-22T08:43:10.489Z,27,-44.5,-21.37,-27.69,0,4
1771749792589,2026-02-22T08:43:12.589Z,27,-28.68,-34.9,-93.4,0,4
1771749706489,2026-02-22T08:41:46.489Z,27,-16.97,4.21,-17.05,1,5
1771749708589,2026-02-22T08:41:48.589Z,27,15.37,-10.81,-24.67,1,5
1771749710689,2026-02-22T08:41:50.689Z,27,0.08,0.21,-160.86,1,5
1771749712789,2026-02-22T08:41:52.789Z,27,-14.48,3.86,83.52,1,5
1771749714889,2026-02-22T08:41:54.889Z,27,-7.42,-2.53,33.86,1,5
1771749716989,2026-02-22T08:41:56.989Z,27,37.97,-33.62,52.68,0,5
1771749719089,2026-02-22T08:41:59.089Z,27,-27.88,-31.5,-94.04,0,5
1771749721189,2026-02-22T08:42:01.189Z,27,30.66,27.84,-143.53,0,5
1771749723289,2026-02-22T08:42:03.289Z,27,37.38,-35.71,-54.85,0,5
1771749725389,2026-02-22T08:42:05.389Z,27,3.47,6.08,-146.07,1,5
1771749727489,2026-02-22T08:42:07.489Z,27,7.22,-0.6,-70.08,1,5
1771749729589,2026-02-22T08:42:09.589Z,27,-29.26,-23.33,-60.42,0,5
1771749731689,2026-02-22T08:42:11.689Z,27,16.64,4.32,-25.95,1,5
1771749733789,2026-02-22T08:42:13.789Z,27,17.08,9.91,-118.54,1,5
1771749735889,2026-02-22T08:42:15.889Z,27,-39.85,31.66,-4.21,0,5
1771749737989,2026-02-22T08:42:17.989Z,27,-14.06,8.29,24.22,1,5
1771749740089,2026-02-22T08:42:20.089Z,27,-38.13,-35.1,99.09,0,5
1771749742189,2026-02-22T08:42:22.189Z,27,10.94,-4.27,-3.36,1,5
1771749744289,2026-02-22T08:42:24.289Z,27,1.65,4.25,-88.73,1,5
1771749746389,2026-02-22T08:42:26.389Z,27,11.8,-5.17,-59.85,1,5
1771749748489,2026-02-22T08:42:28.489Z,27,27.82,-22.96,-32.29,0,5
1771749750589,2026-02-22T08:42:30.589Z,27,17.79,-3.71,-168.87,1,5
1771749752689,2026-02-22T08:42:32.689Z,27,33.99,-23.88,163.73,0,5
1771749754789,2026-02-22T08:42:34.789Z,27,46.93,39.75,135.39,0,5
1771749756889,2026-02-22T08:42:36.889Z,27,14.77,-3.93,-60.77,1,5
1771749758989,2026-02-22T08:42:38.989Z,27,32.73,-31.59,72.66,0,5
1771749761089,2026-02-22T08:42:41.089Z,27,-35.84,31.33,105.31,0,5
1771749763189,2026-02-22T08:42:43.189Z,27,-14.03,-12.78,153.8,1,5
1771749765289,2026-02-22T08:42:45.289Z,27,6.51,0.6,-75.68,1,5
1771749767389,2026-02-22T08:42:47.389Z,27,-32.59,21.29,-73.9,0,5
1771749769489,2026-02-22T08:42:49.489Z,27,-10.18,8.46,-135.56,1,5
1771749771589,2026-02-22T08:42:51.589Z,27,-17.82,-3.84,120.28,1,5
1771749773689,2026-02-22T08:42:53.689Z,27,-13.04,9.85,102.69,1,5
1771749775789,2026-02-22T08:42:55.789Z,27,16.51,1.58,163.33,1,5
1771749706489,2026-02-22T08:41:46.489Z,27,3.07,-10.9,-101.21,1,6
1771749708589,2026-02-22T08:41:48.589Z,27,-5.23,8.1,49.34,1,6
1771749710689,2026-02-22T08:41:50.689Z,27,16.81,-10.45,-85.95,1,6
1771749712789,2026-02-22T08:41:52.789Z,27,-6.81,1.66,64.41,1,6
1771749714889,2026-02-22T08:41:54.889Z,27,2.81,4.77,-108.18,1,6
1771749716989,2026-02-22T08:41:56.989Z,27,1.95,-5.17,-149.18,1,6
1771749719089,2026-02-22T08:41:59.089Z,27,38.65,35.65,120.19,0,6
1771749721189,2026-02-22T08:42:01.189Z,27,0.96,5.05,1.37,1,6
1771749723289,2026-02-22T08:42:03.289Z,27,36.71,29.33,166.12,0,6
1771749725389,2026-02-22T08:42:05.389Z,27,14.85,-12.31,96.04,1,6
1771749727489,2026-02-22T08:42:07.489Z,27,-12.94,10.58,103.19,1,6
1771749729589,2026-02-22T08:42:09.589Z,27,28.18,21.07,124.24,0,6
1771749731689,2026-02-22T08:42:11.689Z,27,6.12,-0.97,94.68,1,6
1771749733789,2026-02-22T08:42:13.789Z,27,12.21,-10.8,-82.74,1,6
1771749735889,2026-02-22T08:42:15.889Z,27,-33.34,-36.44,23.56,0,6
1771749737989,2026-02-22T08:42:17.989Z,27,-28.04,-34.03,5.86,0,6
1771749740089,2026-02-22T08:42:20.089Z,27,28.41,-26.02,-68.08,0,6
1771749742189,2026-02-22T08:42:22.189Z,27,-45.14,-22.29,-179.99,0,6
1771749744289,2026-02-22T08:42:24.289Z,27,-38.0,-24.09,-9.45,0,6
1771749746389,2026-02-22T08:42:26.389Z,27,34.77,-26.0,-5.86,0,6
1771749748489,2026-02-22T08:42:28.489Z,27,-9.54,9.04,-86.3,1,6
1771749750589,2026-02-22T08:42:30.589Z,27,46.48,-28.65,49.03,0,6
1771749752689,2026-02-22T08:42:32.689Z,27,11.47,4.09,-118.52,1,6
1771749754789,2026-02-22T08:42:34.789Z,27,-36.9,25.79,-143.99,0,6
1771749756889,2026-02-22T08:42:36.889Z,27,41.69,27.72,107.95,0,6
1771749758989,2026-02-22T08:42:38.989Z,27,11.29,-9.15,-77.97,1,6
1771749761089,2026-02-22T08:42:41.089Z,27,-3.98,2.09,-167.73,1,6
1771749763189,2026-02-22T08:42:43.189Z,27,26.07,39.26,-11.55,0,6
1771749765289,2026-02-22T08:42:45.289Z,27,25.23,-27.15,128.1,0,6
1771749767389,2026-02-22T08:42:47.389Z,27,-5.44,5.36,-39.38,1,6
1771749769489,2026-02-22T08:42:49.489Z,27,5.61,-3.85,78.92,1,6
1771749771589,2026-02-22T08:42:51.589Z,27,7.75,7.45,-79.8,1,6
1771749773689,2026-02-22T08:42:53.689Z,27,48.09,-38.32,52.25,0,6
1771749775789,2026-02-22T08:42:55.789Z,27,-1.02,4.13,27.37,1,6
1771749777889,2026-02-22T08:42:57.889Z,27,28.24,31.78,29.06,0,6
1771749779989,2026-02-22T08:42:59.989Z,27,26.69,-37.04,-122.7,0,6
1771749782089,2026-02-22T08:43:02.089Z,27,-14.18,11.29,-8.49,1,6
1771749784189,2026-02-22T08:43:04.189Z,27,-27.64,-34.56,-41.73,0,6
1771749786289,2026-02-22T08:43:06.289Z,27,-26.55,22.29,124.85,0,6
1771749788389,2026-02-22T08:43:08.389Z,27,9.48,2.77,122.64,1,6
1771749790489,2026-02-22T08:43:10.489Z,27,27.69,27.55,175.99,0,6
1771749792589,2026-02-22T08:43:12.589Z,27,-29.89,28.75,-77.01,0,6
1771749794689,2026-02-22T08:43:14.689Z,27,-12.16,8.16,111.12,1,6
1771749706489,2026-02-22T08:41:46.489Z,27,-17.13,11.96,-145.37,1,7
1771749708589,2026-02-22T08:41:48.589Z,27,-12.94,-12.86,98.78,1,7
1771749710689,2026-02-22T08:41:50.689Z,27,-33.52,23.8,-105.31,0,7
1771749712789,2026-02-22T08:41:52.789Z,27,33.91,-36.03,-22.0,0,7
1771749714889,2026-02-22T08:41:54.889Z,27,-39.23,-35.65,-72.64,0,7
1771749716989,2026-02-22T08:41:56.989Z,27,-9.7,2.64,-60.87,1,7
1771749719089,2026-02-22T08:41:59.089Z,27,15.86,10.98,-89.5,1,7
1771749721189,2026-02-22T08:42:01.189Z,27,-46.81,-39.36,-153.08,0,7
1771749723289,2026-02-22T08:42:03.289Z,27,34.98,-30.92,141.05,0,7
1771749725389,2026-02-22T08:42:05.389Z,27,41.33,-26.76,-86.08,0,7
1771749727489,2026-02-22T08:42:07.489Z,27,9.53,-9.38,16.95,1,7
1771749729589,2026-02-22T08:42:09.589Z,27,-30.89,-36.11,22.99,0,7
1771749731689,2026-02-22T08:42:11.689Z,27,-33.65,-39.0,35.33,0,7
1771749733789,2026-02-22T08:42:13.789Z,27,-47.19,38.93,-82.62,0,7
1771749735889,2026-02-22T08:42:15.889Z,27,-16.72,0.2,54.12,1,7
1771749737989,2026-02-22T08:42:17.989Z,27,-7.08,9.1,169.73,1,7
1771749740089,2026-02-22T08:42:20.089Z,27,-16.01,7.11,112.09,1,7
1771749742189,2026-02-22T08:42:22.189Z,27,42.05,-31.05,-161.23,0,7
1771749744289,2026-02-22T08:42:24.289Z,27,-35.74,30.99,-138.39,0,7
1771749746389,2026-02-22T08:42:26.389Z,27,4.16,10.49,-53.36,1,7
1771749748489,2026-02-22T08:42:28.489Z,27,15.05,-6.81,-146.88,1,7
1771749750589,2026-02-22T08:42:30.589Z,27,-3.13,6.57,110.78,1,7
1771749752689,2026-02-22T08:42:32.689Z,27,-49.77,-37.47,-90.03,0,7
1771749754789,2026-02-22T08:42:34.789Z,27,-15.96,-1.6,-78.27,1,7
1771749756889,2026-02-22T08:42:36.889Z,27,3.69,10.15,179.31,1,7
1771749758989,2026-02-22T08:42:38.989Z,27,-3.68,4.1,56.37,1,7
1771749706489,2026-02-22T08:41:46.489Z,28,8.47,-3.72,149.44,1,4
1771749708589,2026-02-22T08:41:48.589Z,28,7.67,11.48,100.88,1,4
1771749710689,2026-02-22T08:41:50.689Z,28,5.53,0.7,-83.69,1,4
1771749712789,2026-02-22T08:41:52.789Z,28,-26.35,34.11,43.87,0,4
1771749714889,2026-02-22T08:41:54.889Z,28,-10.67,-9.43,171.34,1,4
1771749716989,2026-02-22T08:41:56.989Z,28,8.71,-7.52,-45.94,1,4
1771749719089,2026-02-22T08:41:59.089Z,28,-25.9,-33.97,53.97,0,4
1771749721189,2026-02-22T08:42:01.189Z,28,-13.89,-0.03,-167.85,1,4
1771749723289,2026-02-22T08:42:03.289Z,28,-4.17,8.51,-149.58,1,4
1771749725389,2026-02-22T08:42:05.389Z,28,3.95,-0.12,130.6,1,4
1771749727489,2026-02-22T08:42:07.489Z,28,-16.4,-7.65,-113.61,1,4
1771749729589,2026-02-22T08:42:09.589Z,28,-16.12,-5.07,14.96,1,4
1771749731689,2026-02-22T08:42:11.689Z,28,-17.06,2.83,141.54,1,4
1771749733789,2026-02-22T08:42:13.789Z,28,45.26,-35.15,-57.26,0,4
1771749735889,2026-02-22T08:42:15.889Z,28,46.64,-36.15,19.19,0,4
1771749737989,2026-02-22T08:42:17.989Z,28,46.46,28.48,78.92,0,4
1771749740089,2026-02-22T08:42:20.089Z,28,29.06,29.35,177.34,0,4
1771749742189,2026-02-22T08:42:22.189Z,28,14.68,-5.7,65.74,1,4
1771749744289,2026-02-22T08:42:24.289Z,28,17.96,7.05,-73.5,1,4
1771749746389,2026-02-22T08:42:26.389Z,28,-16.61,-5.87,-83.25,1,4
1771749748489,2026-02-22T08:42:28.489Z,28,5.51,7.06,-175.56,1,4
1771749750589,2026-02-22T08:42:30.589Z,28,5.79,8.74,125.13,1,4
1771749752689,2026-02-22T08:42:32.689Z,28,-17.38,-12.77,-166.68,1,4
1771749754789,2026-02-22T08:42:34.789Z,28,4.96,1.47,-32.9,1,4
1771749756889,2026-02-22T08:42:36.889Z,28,-15.14,10.32,18.52,1,4
1771749758989,2026-02-22T08:42:38.989Z,28,29.5,25.19,-1.83,0,4
1771749706489,2026-02-22T08:41:46.489Z,28,-12.71,3.07,-162.15,1,5
1771749708589,2026-02-22T08:41:48.589Z,28,-16.61,4.8,129.81,1,5
1771749710689,2026-02-22T08:41:50.689Z,28,-16.49,5.65,-158.11,1,5
1771749712789,2026-02-22T08:41:52.789Z,28,-8.67,-6.31,64.22,1,5
1771749714889,2026-02-22T08:41:54.889Z,28,-5.28,5.68,36.21,1,5
1771749716989,2026-02-22T08:41:56.989Z,28,-15.21,-1.46,3.97,1,5
1771749719089,2026-02-22T08:41:59.089Z,28,-6.27,-3.34,116.17,1,5
1771749721189,2026-02-22T08:42:01.189Z,28,5.11,9.77,-128.49,1,5
1771749723289,2026-02-22T08:42:03.289Z,28,10.37,-4.29,-33.07,1,5
1771749725389,2026-02-22T08:42:05.389Z,28,-1.06,12.31,43.89,1,5
1771749727489,2026-02-22T08:42:07.489Z,28,-16.39,11.19,148.27,1,5
1771749729589,2026-02-22T08:42:09.589Z,28,3.93,8.01,3.89,1,5
1771749731689,2026-02-22T08:42:11.689Z,28,0.29,2.12,-56.14,1,5
1771749733789,2026-02-22T08:42:13.789Z,28,11.91,-12.15,81.45,1,5
1771749735889,2026-02-22T08:42:15.889Z,28,17.92,-10.96,-152.17,1,5
1771749737989,2026-02-22T08:42:17.989Z,28,-39.14,30.78,-136.35,0,5
1771749740089,2026-02-22T08:42:20.089Z,28,-40.18,26.34,-109.79,0,5
1771749742189,2026-02-22T08:42:22.189Z,28,14.8,-4.45,107.64,1,5
1771749744289,2026-02-22T08:42:24.289Z,28,-36.4,-33.86,-19.8,0,5
1771749746389,2026-02-22T08:42:26.389Z,28,34.05,31.21,-152.48,0,5
1771749748489,2026-02-22T08:42:28.489Z,28,-0.57,-7.01,103.07,1,5
1771749750589,2026-02-22T08:42:30.589Z,28,11.8,12.66,153.26,1,5
1771749752689,2026-02-22T08:42:32.689Z,28,14.73,4.53,59.72,1,5
1771749754789,2026-02-22T08:42:34.789Z,28,10.65,-4.12,-137.53,1,5
1771749756889,2026-02-22T08:42:36.889Z,28,0.18,-9.14,-2.09,1,5
1771749758989,2026-02-22T08:42:38.989Z,28,-47.5,20.31,-136.52,0,5
1771749761089,2026-02-22T08:42:41.089Z,28,1.96,11.18,87.43,1,5
1771749706489,2026-02-22T08:41:46.489Z,28,-11.99,-11.1,5.36,1,6
1771749708589,2026-02-22T08:41:48.589Z,28,-4.03,-2.02,-134.12,1,6
1771749710689,2026-02-22T08:41:50.689Z,28,-42.8,-26.74,116.9,0,6
1771749712789,2026-02-22T08:41:52.789Z,28,3.92,-10.2,79.98,1,6
1771749714889,2026-02-22T08:41:54.889Z,28,15.15,11.7,147.84,1,6
1771749716989,2026-02-22T08:41:56.989Z,28,32.23,34.0,84.04,0,6
1771749719089,2026-02-22T08:41:59.089Z,28,-28.81,-31.87,-46.85,0,6
1771749721189,2026-02-22T08:42:01.189Z,28,33.01,-30.17,31.71,0,6
1771749723289,2026-02-22T08:42:03.289Z,28,-30.81,26.82,23.09,0,6
1771749725389,2026-02-22T08:42:05.389Z,28,32.13,26.37,-115.77,0,6
1771749727489,2026-02-22T08:42:07.489Z,28,11.3,6.1,176.11,1,6
1771749729589,2026-02-22T08:42:09.589Z,28,0.69,1.95,41.57,1,6
1771749731689,2026-02-22T08:42:11.689Z,28,-7.75,-9.92,-81.41,1,6
1771749733789,2026-02-22T08:42:13.789Z,28,13.87,-5.5,150.37,1,6
1771749735889,2026-02-22T08:42:15.889Z,28,-48.11,22.82,-105.54,0,6
1771749737989,2026-02-22T08:42:17.989Z,28,-25.68,-39.2,14.34,0,6
1771749740089,2026-02-22T08:42:20.089Z,28,-37.21,-27.39,-78.54,0,6
1771749742189,2026-02-22T08:42:22.189Z,28,43.3,-36.62,-73.82,0,6
1771749744289,2026-02-22T08:42:24.289Z,28,7.43,8.96,-20.01,1,6
1771749746389,2026-02-22T08:42:26.389Z,28,-8.53,9.48,177.51,1,6
1771749748489,2026-02-22T08:42:28.489Z,28,-49.21,-34.89,-99.92,0,6
1771749750589,2026-02-22T08:42:30.589Z,28,-12.36,-4.28,-16.75,1,6
1771749752689,2026-02-22T08:42:32.689Z,28,-42.67,37.85,-166.19,0,6
1771749754789,2026-02-22T08:42:34.789Z,28,7.38,0.55,-111.46,1,6
1771749756889,2026-02-22T08:42:36.889Z,28,12.15,3.28,161.71,1,6
1771749758989,2026-02-22T08:42:38.989Z,28,-28.42,37.44,-100.72,0,6
1771749761089,2026-02-22T08:42:41.089Z,28,-1.08,-0.4,-112.64,1,6
1771749763189,2026-02-22T08:42:43.189Z,28,-13.26,3.5,-148.06,1,6
1771749765289,2026-02-22T08:42:45.289Z,28,8.04,-7.43,-23.65,1,6
1771749767389,2026-02-22T08:42:47.389Z,28,4.0,5.46,-166.03,1,6
1771749769489,2026-02-22T08:42:49.489Z,28,40.78,-32.75,-5.68,0,6
1771749771589,2026-02-22T08:42:51.589Z,28,-46.95,-37.5,60.47,0,6
1771749773689,2026-02-22T08:42:53.689Z,28,4.68,2.54,15.63,1,6
1771749706489,2026-02-22T08:41:46.489Z,28,-13.95,9.9,91.79,1,7
1771749708589,2026-02-22T08:41:48.589Z,28,16.9,-4.54,58.47,1,7
1771749710689,2026-02-22T08:41:50.689Z,28,-1.27,-4.71,-139.13,1,7
1771749712789,2026-02-22T08:41:52.789Z,28,-44.34,36.8,131.04,0,7
1771749714889,2026-02-22T08:41:54.889Z,28,6.74,-12.25,-83.55,1,7
1771749716989,2026-02-22T08:41:56.989Z,28,12.64,-2.37,22.41,1,7
1771749719089,2026-02-22T08:41:59.089Z,28,6.3,-2.31,111.25,1,7
1771749721189,2026-02-22T08:42:01.189Z,28,-8.61,-11.58,-5.22,1,7
1771749723289,2026-02-22T08:42:03.289Z,28,4.91,-11.81,-18.85,1,7
1771749725389,2026-02-22T08:42:05.389Z,28,13.52,0.94,100.64,1,7
1771749727489,2026-02-22T08:42:07.489Z,28,16.86,2.88,-133.48,1,7
1771749729589,2026-02-22T08:42:09.589Z,28,16.21,-12.45,-43.49,1,7
1771749731689,2026-02-22T08:42:11.689Z,28,47.81,-33.1,6.71,0,7
1771749733789,2026-02-22T08:42:13.789Z,28,-10.86,-8.92,12.85,1,7
1771749735889,2026-02-22T08:42:15.889Z,28,-32.25,-38.21,-60.66,0,7
1771749737989,2026-02-22T08:42:17.989Z,28,8.4,11.44,-167.01,1,7
1771749740089,2026-02-22T08:42:20.089Z,28,15.85,-10.33,-36.74,1,7
1771749742189,2026-02-22T08:42:22.189Z,28,-12.35,-5.16,-97.2,1,7
1771749744289,2026-02-22T08:42:24.289Z,28,-25.84,-36.26,-43.97,0,7
1771749746389,2026-02-22T08:42:26.389Z,28,11.46,9.79,130.31,1,7
1771749748489,2026-02-22T08:42:28.489Z,28,0.16,5.29,83.75,1,7
1771749750589,2026-02-22T08:42:30.589Z,28,8.74,1.08,150.83,1,7
1771749752689,2026-02-22T08:42:32.689Z,28,3.18,-2.83,119.33,1,7
1771749754789,2026-02-22T08:42:34.789Z,28,35.63,-26.04,-14.79,0,7
1771749756889,2026-02-22T08:42:36.889Z,28,16.89,1.98,-44.43,1,7
1771749758989,2026-02-22T08:42:38.989Z,28,-10.0,-2.44,-79.72,1,7
1771749761089,2026-02-22T08:42:41.089Z,28,7.3,0.17,-42.33,1,7
1771749763189,2026-02-22T08:42:43.189Z,28,48.79,-29.05,28.04,0,7
1771749765289,2026-02-22T08:42:45.289Z,28,9.76,-1.38,-8.35,1,7
1771749706489,2026-02-22T08:41:46.489Z,29,17.13,-10.52,-119.07,1,4
1771749708589,2026-02-22T08:41:48.589Z,29,39.84,-22.83,41.94,0,4
1771749710689,2026-02-22T08:41:50.689Z,29,8.03,1.73,-96.33,1,4
1771749712789,2026-02-22T08:41:52.789Z,29,-8.93,-4.9,-58.37,1,4
1771749714889,2026-02-22T08:41:54.889Z,29,-6.43,1.7,-33.65,1,4
1771749716989,2026-02-22T08:41:56.989Z,29,6.85,6.63,106.09,1,4
1771749719089,2026-02-22T08:41:59.089Z,29,-6.73,3.95,-64.14,1,4
1771749721189,2026-02-22T08:42:01.189Z,29,0.52,9.32,177.39,1,4
1771749723289,2026-02-22T08:42:03.289Z,29,-14.22,5.18,-44.75,1,4
1771749725389,2026-02-22T08:42:05.389Z,29,-12.16,6.45,-120.17,1,4
1771749727489,2026-02-22T08:42:07.489Z,29,16.99,-11.98,-27.29,1,4
1771749729589,2026-02-22T08:42:09.589Z,29,10.91,-0.33,89.64,1,4
1771749731689,2026-02-22T08:42:11.689Z,29,-3.62,-5.28,-23.23,1,4
1771749733789,2026-02-22T08:42:13.789Z,29,15.19,4.59,8.09,1,4
1771749735889,2026-02-22T08:42:15.889Z,29,-4.62,3.91,-129.05,1,4
1771749737989,2026-02-22T08:42:17.989Z,29,-10.64,2.96,77.21,1,4
1771749740089,2026-02-22T08:42:20.089Z,29,-8.96,-0.97,157.03,1,4
1771749742189,2026-02-22T08:42:22.189Z,29,-29.11,20.2,-30.13,0,4
1771749744289,2026-02-22T08:42:24.289Z,29,-15.59,12.4,-67.74,1,4
1771749746389,2026-02-22T08:42:26.389Z,29,6.99,0.98,-60.83,1,4
1771749748489,2026-02-22T08:42:28.489Z,29,-1.13,-8.93,-53.84,1,4
1771749750589,2026-02-22T08:42:30.589Z,29,-9.86,3.35,154.04,1,4
1771749752689,2026-02-22T08:42:32.689Z,29,11.55,9.57,30.41,1,4
1771749754789,2026-02-22T08:42:34.789Z,29,4.48,-2.52,-88.29,1,4
1771749706489,2026-02-22T08:41:46.489Z,29,-10.71,2.41,-142.93,1,5
1771749708589,2026-02-22T08:41:48.589Z,29,-11.58,1.66,-134.39,1,5
1771749710689,2026-02-22T08:41:50.689Z,29,5.21,-3.04,27.24,1,5
1771749712789,2026-02-22T08:41:52.789Z,29,49.17,24.19,-179.04,0,5
1771749714889,2026-02-22T08:41:54.889Z,29,-10.21,11.17,41.37,1,5
1771749716989,2026-02-22T08:41:56.989Z,29,-0.88,-12.99,-152.0,1,5
1771749719089,2026-02-22T08:41:59.089Z,29,-37.79,28.51,-10.19,0,5
1771749721189,2026-02-22T08:42:01.189Z,29,9.36,-6.74,-38.43,1,5
1771749723289,2026-02-22T08:42:03.289Z,29,7.42,-3.77,121.91,1,5
1771749725389,2026-02-22T08:42:05.389Z,29,-15.18,2.74,-103.0,1,5
1771749727489,2026-02-22T08:42:07.489Z,29,4.82,-5.78,-128.56,1,5
1771749729589,2026-02-22T08:42:09.589Z,29,-2.1,5.07,-89.81,1,5
1771749731689,2026-02-22T08:42:11.689Z,29,14.39,3.95,-115.92,1,5
1771749733789,2026-02-22T08:42:13.789Z,29,44.27,34.57,-103.04,0,5
1771749735889,2026-02-22T08:42:15.889Z,29,17.92,11.42,-42.32,1,5
1771749737989,2026-02-22T08:42:17.989Z,29,8.91,-12.72,-20.85,1,5
1771749740089,2026-02-22T08:42:20.089Z,29,-17.8,-4.93,-146.12,1,5
1771749742189,2026-02-22T08:42:22.189Z,29,-8.86,10.96,38.44,1,5
1771749744289,2026-02-22T08:42:24.289Z,29,-8.1,-0.55,-164.19,1,5
1771749746389,2026-02-22T08:42:26.389Z,29,-8.89,3.26,169.61,1,5
1771749748489,2026-02-22T08:42:28.489Z,29,49.93,29.81,-9.56,0,5
1771749750589,2026-02-22T08:42:30.589Z,29,-25.95,-32.26,76.79,0,5
1771749752689,2026-02-22T08:42:32.689Z,29,-11.63,9.12,-150.18,1,5
1771749754789,2026-02-22T08:42:34.789Z,29,-26.4,-26.28,128.84,0,5
1771749756889,2026-02-22T08:42:36.889Z,29,12.69,4.03,85.48,1,5
1771749758989,2026-02-22T08:42:38.989Z,29,6.19,10.39,143.19,1,5
1771749761089,2026-02-22T08:42:41.089Z,29,17.51,5.78,-48.15,1,5
1771749763189,2026-02-22T08:42:43.189Z,29,5.92,-2.17,60.38,1,5
1771749765289,2026-02-22T08:42:45.289Z,29,-11.05,6.79,-126.89,1,5
1771749767389,2026-02-22T08:42:47.389Z,29,-11.79,-11.84,39.07,1,5
1771749769489,2026-02-22T08:42:49.489Z,29,-3.27,3.52,123.16,1,5
1771749771589,2026-02-22T08:42:51.589Z,29,31.84,22.35,-12.15,0,5
1771749773689,2026-02-22T08:42:53.689Z,29,-39.15,21.76,150.48,0,5
1771749775789,2026-02-22T08:42:55.789Z,29,-14.89,-4.74,45.58,1,5
1771749777889,2026-02-22T08:42:57.889Z,29,-11.9,-12.73,49.66,1,5
1771749779989,2026-02-22T08:42:59.989Z,29,13.58,11.52,-69.2,1,5
1771749782089,2026-02-22T08:43:02.089Z,29,15.94,9.48,89.07,1,5
1771749706489,2026-02-22T08:41:46.489Z,29,-11.59,-9.35,-66.41,1,6
1771749708589,2026-02-22T08:41:48.589Z,29,-11.22,9.97,-116.24,1,6
1771749710689,2026-02-22T08:41:50.689Z,29,7.11,-6.12,-3.64,1,6
1771749712789,2026-02-22T08:41:52.789Z,29,-5.44,3.69,-18.12,1,6
1771749714889,2026-02-22T08:41:54.889Z,29,11.94,-12.04,120.5,1,6
1771749716989,2026-02-22T08:41:56.989Z,29,1.37,-7.52,72.79,1,6
1771749719089,2026-02-22T08:41:59.089Z,29,11.19,7.7,-105.32,1,6
1771749721189,2026-02-22T08:42:01.189Z,29,0.14,8.58,105.95,1,6
1771749723289,2026-02-22T08:42:03.289Z,29,9.84,-6.29,-11.63,1,6
1771749725389,2026-02-22T08:42:05.389Z,29,-13.85,4.12,-112.89,1,6
1771749727489,2026-02-22T08:42:07.489Z,29,3.13,-3.32,-43.95,1,6
1771749729589,2026-02-22T08:42:09.589Z,29,-16.78,5.23,46.61,1,6
1771749731689,2026-02-22T08:42:11.689Z,29,-28.97,26.69,53.24,0,6
1771749733789,2026-02-22T08:42:13.789Z,29,14.87,-5.04,-11.94,1,6
1771749735889,2026-02-22T08:42:15.889Z,29,-17.22,8.04,-15.68,1,6
1771749737989,2026-02-22T08:42:17.989Z,29,-2.34,-2.62,120.27,1,6
1771749740089,2026-02-22T08:42:20.089Z,29,-4.56,-4.22,64.28,1,6
1771749742189,2026-02-22T08:42:22.189Z,29,16.95,9.81,94.74,1,6
1771749744289,2026-02-22T08:42:24.289Z,29,-35.52,39.08,-35.73,0,6
1771749746389,2026-02-22T08:42:26.389Z,29,0.44,10.98,139.17,1,6
1771749748489,2026-02-22T08:42:28.489Z,29,-48.79,-22.6,-60.07,0,6
1771749750589,2026-02-22T08:42:30.589Z,29,-32.73,-36.03,-14.86,0,6
1771749752689,2026-02-22T08:42:32.689Z,29,-17.97,-9.17,137.86,1,6
1771749754789,2026-02-22T08:42:34.789Z,29,-15.11,-6.86,-106.8,1,6
1771749756889,2026-02-22T08:42:36.889Z,29,-9.19,4.8,124.44,1,6
1771749758989,2026-02-22T08:42:38.989Z,29,-0.82,-4.04,-10.51,1,6
1771749761089,2026-02-22T08:42:41.089Z,29,7.16,10.73,60.64,1,6
1771749763189,2026-02-22T08:42:43.189Z,29,-44.08,-27.75,-65.39,0,6
1771749765289,2026-02-22T08:42:45.289Z,29,44.33,36.4,82.93,0,6
1771749767389,2026-02-22T08:42:47.389Z,29,-3.82,-11.14,-4.21,1,6
1771749769489,2026-02-22T08:42:49.489Z,29,3.11,-7.24,39.07,1,6
1771749771589,2026-02-22T08:42:51.589Z,29,34.06,-32.21,90.61,0,6
1771749706489,2026-02-22T08:41:46.489Z,29,-37.5,-24.22,-23.26,0,7
1771749708589,2026-02-22T08:41:48.589Z,29,5.55,-1.93,-77.41,1,7
1771749710689,2026-02-22T08:41:50.689Z,29,11.57,-12.09,165.06,1,7
1771749712789,2026-02-22T08:41:52.789Z,29,-12.11,4.74,120.32,1,7
1771749714889,2026-02-22T08:41:54.889Z,29,-15.02,4.84,-143.49,1,7
1771749716989,2026-02-22T08:41:56.989Z,29,-29.02,-31.49,-41.76,0,7
1771749719089,2026-02-22T08:41:59.089Z,29,-0.5,11.96,-35.39,1,7
1771749721189,2026-02-22T08:42:01.189Z,29,35.62,-32.07,108.87,0,7
1771749723289,2026-02-22T08:42:03.289Z,29,-4.58,-0.69,-59.38,1,7
1771749725389,2026-02-22T08:42:05.389Z,29,-4.86,7.42,173.06,1,7
1771749727489,2026-02-22T08:42:07.489Z,29,-4.2,4.54,-125.86,1,7
1771749729589,2026-02-22T08:42:09.589Z,29,15.63,2.34,-108.86,1,7
1771749731689,2026-02-22T08:42:11.689Z,29,35.87,25.63,-136.24,0,7
1771749733789,2026-02-22T08:42:13.789Z,29,-4.78,10.12,67.1,1,7
1771749735889,2026-02-22T08:42:15.889Z,29,-5.85,-5.3,114.9,1,7
1771749737989,2026-02-22T08:42:17.989Z,29,-11.57,-3.72,-173.69,1,7
1771749740089,2026-02-22T08:42:20.089Z,29,4.9,2.49,-51.39,1,7
1771749742189,2026-02-22T08:42:22.189Z,29,8.59,-6.54,-149.74,1,7
1771749744289,2026-02-22T08:42:24.289Z,29,8.16,3.46,-24.8,1,7
1771749746389,2026-02-22T08:42:26.389Z,29,16.99,4.91,-92.12,1,7
1771749748489,2026-02-22T08:42:28.489Z,29,26.02,27.46,-127.17,0,7
1771749750589,2026-02-22T08:42:30.589Z,29,-34.55,-26.76,49.23,0,7
1771749706489,2026-02-22T08:41:46.489Z,30,43.04,-36.74,-23.96,0,4
1771749708589,2026-02-22T08:41:48.589Z,30,-11.1,-6.21,-70.85,1,4
1771749710689,2026-02-22T08:41:50.689Z,30,-42.36,-27.48,-9.75,0,4
1771749712789,2026-02-22T08:41:52.789Z,30,31.87,-25.54,61.72,0,4
1771749714889,2026-02-22T08:41:54.889Z,30,-41.96,20.1,-105.43,0,4
1771749716989,2026-02-22T08:41:56.989Z,30,-31.87,31.98,171.32,0,4
1771749719089,2026-02-22T08:41:59.089Z,30,-10.03,-12.53,-63.14,1,4
1771749721189,2026-02-22T08:42:01.189Z,30,-7.64,5.51,117.71,1,4
1771749723289,2026-02-22T08:42:03.289Z,30,38.54,38.6,-175.48,0,4
1771749725389,2026-02-22T08:42:05.389Z,30,-5.53,-1.45,-13.7,1,4
1771749727489,2026-02-22T08:42:07.489Z,30,-38.31,-33.46,-87.95,0,4
1771749729589,2026-02-22T08:42:09.589Z,30,12.68,12.16,47.3,1,4
1771749731689,2026-02-22T08:42:11.689Z,30,27.08,26.08,90.31,0,4
1771749733789,2026-02-22T08:42:13.789Z,30,25.74,-32.49,23.36,0,4
1771749735889,2026-02-22T08:42:15.889Z,30,9.54,6.54,-77.8,1,4
1771749737989,2026-02-22T08:42:17.989Z,30,-34.38,-27.57,161.57,0,4
1771749740089,2026-02-22T08:42:20.089Z,30,-3.75,-7.51,-140.17,1,4
1771749742189,2026-02-22T08:42:22.189Z,30,13.14,6.94,174.38,1,4
1771749744289,2026-02-22T08:42:24.289Z,30,33.8,-28.36,35.73,0,4
1771749746389,2026-02-22T08:42:26.389Z,30,-4.93,-10.25,138.51,1,4
1771749748489,2026-02-22T08:42:28.489Z,30,37.56,24.5,-34.57,0,4
1771749750589,2026-02-22T08:42:30.589Z,30,45.65,23.14,134.4,0,4
1771749752689,2026-02-22T08:42:32.689Z,30,-17.88,8.58,94.66,1,4
1771749754789,2026-02-22T08:42:34.789Z,30,-34.58,39.48,-32.29,0,4
1771749756889,2026-02-22T08:42:36.889Z,30,-28.46,-31.99,83.57,0,4
1771749706489,2026-02-22T08:41:46.489Z,30,-9.0,1.8,-10.11,1,5
1771749708589,2026-02-22T08:41:48.589Z,30,-4.67,6.32,138.06,1,5
1771749710689,2026-02-22T08:41:50.689Z,30,-46.26,-29.16,80.3,0,5
1771749712789,2026-02-22T08:41:52.789Z,30,-1.0,5.53,-108.08,1,5
1771749714889,2026-02-22T08:41:54.889Z,30,-15.67,-12.2,27.94,1,5
1771749716989,2026-02-22T08:41:56.989Z,30,6.61,-1.47,-92.92,1,5
1771749719089,2026-02-22T08:41:59.089Z,30,-1.39,3.68,109.33,1,5
1771749721189,2026-02-22T08:42:01.189Z,30,-31.12,-20.14,-168.36,0,5
1771749723289,2026-02-22T08:42:03.289Z,30,46.55,-35.66,164.73,0,5
1771749725389,2026-02-22T08:42:05.389Z,30,-42.89,-28.77,117.99,0,5
1771749727489,2026-02-22T08:42:07.489Z,30,11.22,8.54,81.05,1,5
1771749729589,2026-02-22T08:42:09.589Z,30,-3.62,11.11,46.54,1,5
1771749731689,2026-02-22T08:42:11.689Z,30,10.35,-10.31,124.95,1,5
1771749733789,2026-02-22T08:42:13.789Z,30,-43.05,28.26,-57.66,0,5
1771749735889,2026-02-22T08:42:15.889Z,30,30.25,-26.6,69.74,0,5
1771749737989,2026-02-22T08:42:17.989Z,30,7.53,6.57,92.51,1,5
1771749740089,2026-02-22T08:42:20.089Z,30,6.81,-4.4,-17.86,1,5
1771749742189,2026-02-22T08:42:22.189Z,30,-8.09,-12.07,-129.59,1,5
1771749744289,2026-02-22T08:42:24.289Z,30,-17.07,9.88,22.87,1,5
1771749746389,2026-02-22T08:42:26.389Z,30,48.62,-31.35,-70.29,0,5
1771749706489,2026-02-22T08:41:46.489Z,30,-28.66,37.18,-87.37,0,6
1771749708589,2026-02-22T08:41:48.589Z,30,12.63,2.16,-126.59,1,6
1771749710689,2026-02-22T08:41:50.689Z,30,-4.89,0.22,133.28,1,6
1771749712789,2026-02-22T08:41:52.789Z,30,40.46,-39.45,51.79,0,6
1771749714889,2026-02-22T08:41:54.889Z,30,38.08,37.31,-5.31,0,6
1771749716989,2026-02-22T08:41:56.989Z,30,0.91,-8.44,142.97,1,6
1771749719089,2026-02-22T08:41:59.089Z,30,16.09,-4.1,-68.65,1,6
1771749721189,2026-02-22T08:42:01.189Z,30,-7.98,7.23,104.14,1,6
1771749723289,2026-02-22T08:42:03.289Z,30,37.47,-36.8,124.47,0,6
1771749725389,2026-02-22T08:42:05.389Z,30,-43.53,33.28,-36.54,0,6
1771749727489,2026-02-22T08:42:07.489Z,30,-6.14,-11.25,19.18,1,6
1771749729589,2026-02-22T08:42:09.589Z,30,-49.26,-28.93,8.26,0,6
1771749731689,2026-02-22T08:42:11.689Z,30,10.7,-8.25,157.08,1,6
1771749733789,2026-02-22T08:42:13.789Z,30,-42.24,23.55,172.58,0,6
1771749735889,2026-02-22T08:42:15.889Z,30,-8.01,6.32,84.0,1,6
1771749737989,2026-02-22T08:42:17.989Z,30,-38.06,-24.15,-92.18,0,6
1771749740089,2026-02-22T08:42:20.089Z,30,36.61,-26.38,48.21,0,6
1771749742189,2026-02-22T08:42:22.189Z,30,-13.81,-10.83,-108.94,1,6
1771749744289,2026-02-22T08:42:24.289Z,30,-39.96,31.39,29.42,0,6
1771749746389,2026-02-22T08:42:26.389Z,30,-43.0,35.55,-109.87,0,6
1771749748489,2026-02-22T08:42:28.489Z,30,49.81,35.09,36.49,0,6
1771749750589,2026-02-22T08:42:30.589Z,30,-33.22,30.28,162.52,0,6
1771749752689,2026-02-22T08:42:32.689Z,30,13.22,-6.53,-80.9,1,6
1771749754789,2026-02-22T08:42:34.789Z,30,40.65,-39.54,160.45,0,6
1771749706489,2026-02-22T08:41:46.489Z,30,14.16,0.25,-1.52,1,7
1771749708589,2026-02-22T08:41:48.589Z,30,9.38,4.5,-145.96,1,7
1771749710689,2026-02-22T08:41:50.689Z,30,40.95,-23.87,-140.86,0,7
1771749712789,2026-02-22T08:41:52.789Z,30,-6.94,-5.06,95.91,1,7
1771749714889,2026-02-22T08:41:54.889Z,30,48.19,-31.42,-124.34,0,7
1771749716989,2026-02-22T08:41:56.989Z,30,9.59,7.43,126.85,1,7
1771749719089,2026-02-22T08:41:59.089Z,30,-33.14,33.07,103.95,0,7
1771749721189,2026-02-22T08:42:01.189Z,30,30.72,29.44,128.25,0,7
1771749723289,2026-02-22T08:42:03.289Z,30,-12.78,-4.32,-52.58,1,7
1771749725389,2026-02-22T08:42:05.389Z,30,32.7,35.25,-177.96,0,7
1771749727489,2026-02-22T08:42:07.489Z,30,-49.22,32.92,-129.63,0,7
1771749729589,2026-02-22T08:42:09.589Z,30,25.49,-24.17,78.0,0,7
1771749731689,2026-02-22T08:42:11.689Z,30,-4.55,-4.63,104.73,1,7
1771749733789,2026-02-22T08:42:13.789Z,30,2.16,-7.81,-102.61,1,7
1771749735889,2026-02-22T08:42:15.889Z,30,27.67,-23.21,80.23,0,7
1771749737989,2026-02-22T08:42:17.989Z,30,48.8,-35.62,-39.58,0,7
1771749740089,2026-02-22T08:42:20.089Z,30,31.25,21.19,-159.8,0,7
1771749742189,2026-02-22T08:42:22.189Z,30,1.36,-1.61,-77.68,1,7
1771749744289,2026-02-22T08:42:24.289Z,30,-33.11,36.49,134.62,0,7
1771749746389,2026-02-22T08:42:26.389Z,30,-39.05,24.9,26.18,0,7
1771749748489,2026-02-22T08:42:28.489Z,30,38.92,33.79,-129.43,0,7
1771749750589,2026-02-22T08:42:30.589Z,30,48.93,38.1,-19.5,0,7
1771749752689,2026-02-22T08:42:32.689Z,30,-33.03,-29.22,-60.12,0,7
1771749754789,2026-02-22T08:42:34.789Z,30,31.38,-22.81,51.21,0,7
1771749756889,2026-02-22T08:42:36.889Z,30,44.95,-38.26,4.41,0,7
1771749758989,2026-02-22T08:42:38.989Z,30,-2.26,-12.17,1.52,1,7
1771749761089,2026-02-22T08:42:41.089Z,30,32.07,32.69,84.4,0,7
1771749763189,2026-02-22T08:42:43.189Z,30,-38.29,-31.48,-11.36,0,7
1771749765289,2026-02-22T08:42:45.289Z,30,-43.8,36.36,-12.34,0,7
1771749767389,2026-02-22T08:42:47.389Z,30,-41.26,-23.63,27.08,0,7
1771749769489,2026-02-22T08:42:49.489Z,30,47.23,31.49,-177.71,0,7
1771749771589,2026-02-22T08:42:51.589Z,30,-25.21,28.54,-86.81,0,7
1771749773689,2026-02-22T08:42:53.689Z,30,6.28,-4.51,-15.21,1,7
1771749775789,2026-02-22T08:42:55.789Z,30,47.33,-23.78,-126.62,0,7
1771749777889,2026-02-22T08:42:57.889Z,30,-14.37,0.87,160.02,1,7
1771749706489,2026-02-22T08:41:46.489Z,31,46.76,-33.16,-107.39,0,4
1771749708589,2026-02-22T08:41:48.589Z,31,17.68,-6.94,151.16,1,4
1771749710689,2026-02-22T08:41:50.689Z,31,-28.43,22.46,161.28,0,4
1771749712789,2026-02-22T08:41:52.789Z,31,13.23,9.21,-104.91,1,4
1771749714889,2026-02-22T08:41:54.889Z,31,-2.21,-7.84,97.55,1,4
1771749716989,2026-02-22T08:41:56.989Z,31,-13.51,12.2,2.41,1,4
1771749719089,2026-02-22T08:41:59.089Z,31,0.59,-8.77,-104.53,1,4
1771749721189,2026-02-22T08:42:01.189Z,31,43.74,28.3,-104.28,0,4
1771749723289,2026-02-22T08:42:03.289Z,31,0.25,-0.57,3.14,1,4
1771749725389,2026-02-22T08:42:05.389Z,31,-25.18,28.01,128.7,0,4
1771749727489,2026-02-22T08:42:07.489Z,31,16.05,8.75,-23.71,1,4
1771749729589,2026-02-22T08:42:09.589Z,31,30.73,-33.01,111.66,0,4
1771749731689,2026-02-22T08:42:11.689Z,31,-48.78,34.59,143.04,0,4
1771749733789,2026-02-22T08:42:13.789Z,31,12.51,-8.39,-176.66,1,4
1771749735889,2026-02-22T08:42:15.889Z,31,-12.95,-0.78,-165.96,1,4
1771749737989,2026-02-22T08:42:17.989Z,31,-10.45,6.24,-74.49,1,4
1771749740089,2026-02-22T08:42:20.089Z,31,11.64,-2.1,-117.13,1,4
1771749742189,2026-02-22T08:42:22.189Z,31,-12.55,8.04,60.72,1,4
1771749744289,2026-02-22T08:42:24.289Z,31,15.3,7.45,-169.21,1,4
1771749746389,2026-02-22T08:42:26.389Z,31,-3.47,-3.3,122.91,1,4
1771749748489,2026-02-22T08:42:28.489Z,31,-16.97,-12.33,-169.74,1,4
1771749750589,2026-02-22T08:42:30.589Z,31,8.46,-9.25,-33.24,1,4
1771749752689,2026-02-22T08:42:32.689Z,31,9.45,5.79,-118.89,1,4
1771749754789,2026-02-22T08:42:34.789Z,31,-5.45,-7.21,-28.84,1,4
1771749756889,2026-02-22T08:42:36.889Z,31,16.87,-0.92,-30.57,1,4
1771749758989,2026-02-22T08:42:38.989Z,31,28.36,-26.23,-10.98,0,4
1771749761089,2026-02-22T08:42:41.089Z,31,-33.07,39.14,60.64,0,4
1771749763189,2026-02-22T08:42:43.189Z,31,-0.26,8.61,25.65,1,4
1771749765289,2026-02-22T08:42:45.289Z,31,0.53,7.94,-128.67,1,4
1771749767389,2026-02-22T08:42:47.389Z,31,8.75,5.65,-78.37,1,4
1771749769489,2026-02-22T08:42:49.489Z,31,-9.01,-6.48,82.81,1,4
1771749706489,2026-02-22T08:41:46.489Z,31,17.06,4.38,7.17,1,5
1771749708589,2026-02-22T08:41:48.589Z,31,13.81,6.76,-132.59,1,5
1771749710689,2026-02-22T08:41:50.689Z,31,5.8,2.06,156.46,1,5
1771749712789,2026-02-22T08:41:52.789Z,31,14.62,-2.99,-162.71,1,5
1771749714889,2026-02-22T08:41:54.889Z,31,-11.44,-9.28,-167.72,1,5
1771749716989,2026-02-22T08:41:56.989Z,31,-12.17,-4.61,25.95,1,5
1771749719089,2026-02-22T08:41:59.089Z,31,-5.62,3.35,114.12,1,5
1771749721189,2026-02-22T08:42:01.189Z,31,-1.72,-7.41,43.67,1,5
1771749723289,2026-02-22T08:42:03.289Z,31,-13.76,-5.74,96.66,1,5
1771749725389,2026-02-22T08:42:05.389Z,31,49.92,-25.11,110.52,0,5
1771749727489,2026-02-22T08:42:07.489Z,31,1.76,4.24,60.48,1,5
1771749729589,2026-02-22T08:42:09.589Z,31,0.69,-11.36,-48.45,1,5
1771749731689,2026-02-22T08:42:11.689Z,31,16.73,-9.72,-98.23,1,5
1771749733789,2026-02-22T08:42:13.789Z,31,-14.0,1.31,-73.54,1,5
1771749735889,2026-02-22T08:42:15.889Z,31,36.31,-39.33,169.8,0,5
1771749737989,2026-02-22T08:42:17.989Z,31,11.52,10.03,3.93,1,5
1771749740089,2026-02-22T08:42:20.089Z,31,6.5,7.17,-108.48,1,5
1771749742189,2026-02-22T08:42:22.189Z,31,0.92,7.28,22.64,1,5
1771749744289,2026-02-22T08:42:24.289Z,31,-16.31,0.86,14.2,1,5
1771749746389,2026-02-22T08:42:26.389Z,31,17.9,-8.66,-122.85,1,5
1771749748489,2026-02-22T08:42:28.489Z,31,4.86,9.33,-98.55,1,5
1771749750589,2026-02-22T08:42:30.589Z,31,-38.52,37.17,-79.77,0,5
1771749752689,2026-02-22T08:42:32.689Z,31,32.41,37.87,-11.52,0,5
1771749754789,2026-02-22T08:42:34.789Z,31,15.77,-12.99,-89.52,1,5
1771749756889,2026-02-22T08:42:36.889Z,31,-6.78,11.0,40.72,1,5
1771749758989,2026-02-22T08:42:38.989Z,31,-43.88,-22.88,116.08,0,5
1771749761089,2026-02-22T08:42:41.089Z,31,11.05,11.72,-92.71,1,5
1771749763189,2026-02-22T08:42:43.189Z,31,5.26,-2.83,-110.39,1,5
1771749765289,2026-02-22T08:42:45.289Z,31,-30.66,22.81,-35.48,0,5
1771749706489,2026-02-22T08:41:46.489Z,31,-2.04,4.48,93.81,1,6
1771749708589,2026-02-22T08:41:48.589Z,31,-13.78,-4.91,-143.06,1,6
1771749710689,2026-02-22T08:41:50.689Z,31,-1.04,4.17,-72.42,1,6
1771749712789,2026-02-22T08:41:52.789Z,31,8.74,-1.19,-154.66,1,6
1771749714889,2026-02-22T08:41:54.889Z,31,46.88,-27.63,140.8,0,6
1771749716989,2026-02-22T08:41:56.989Z,31,-1.21,2.21,135.45,1,6
1771749719089,2026-02-22T08:41:59.089Z,31,10.6,6.72,-99.13,1,6
1771749721189,2026-02-22T08:42:01.189Z,31,17.91,2.69,35.66,1,6
1771749723289,2026-02-22T08:42:03.289Z,31,13.3,4.29,121.22,1,6
1771749725389,2026-02-22T08:42:05.389Z,31,26.42,-37.3,-79.13,0,6
1771749727489,2026-02-22T08:42:07.489Z,31,-8.07,-6.46,2.82,1,6
1771749729589,2026-02-22T08:42:09.589Z,31,12.11,12.56,-150.09,1,6
1771749731689,2026-02-22T08:42:11.689Z,31,11.02,-6.69,-1.81,1,6
1771749733789,2026-02-22T08:42:13.789Z,31,5.96,-10.3,101.13,1,6
1771749735889,2026-02-22T08:42:15.889Z,31,2.18,8.77,-44.7,1,6
1771749737989,2026-02-22T08:42:17.989Z,31,15.31,-3.05,36.6,1,6
1771749740089,2026-02-22T08:42:20.089Z,31,10.57,11.81,27.23,1,6
1771749742189,2026-02-22T08:42:22.189Z,31,9.51,-3.62,62.14,1,6
1771749744289,2026-02-22T08:42:24.289Z,31,45.38,-26.95,103.73,0,6
1771749746389,2026-02-22T08:42:26.389Z,31,2.64,0.59,158.47,1,6
1771749748489,2026-02-22T08:42:28.489Z,31,4.61,7.22,60.86,1,6
1771749750589,2026-02-22T08:42:30.589Z,31,2.41,-12.37,160.54,1,6
1771749752689,2026-02-22T08:42:32.689Z,31,15.14,7.85,82.46,1,6
1771749754789,2026-02-22T08:42:34.789Z,31,-8.87,8.28,-56.14,1,6
1771749756889,2026-02-22T08:42:36.889Z,31,-31.92,-26.49,71.68,0,6
1771749758989,2026-02-22T08:42:38.989Z,31,9.67,-8.82,21.05,1,6
1771749761089,2026-02-22T08:42:41.089Z,31,43.52,35.62,-118.06,0,6
1771749763189,2026-02-22T08:42:43.189Z,31,-14.8,-3.85,13.76,1,6
1771749765289,2026-02-22T08:42:45.289Z,31,16.77,-4.77,-69.9,1,6
1771749767389,2026-02-22T08:42:47.389Z,31,-40.99,32.44,50.21,0,6
1771749769489,2026-02-22T08:42:49.489Z,31,-10.72,9.26,-5.24,1,6
1771749771589,2026-02-22T08:42:51.589Z,31,-2.24,-3.6,-122.68,1,6
1771749773689,2026-02-22T08:42:53.689Z,31,-17.43,-8.07,-68.21,1,6
1771749775789,2026-02-22T08:42:55.789Z,31,5.12,-5.3,21.57,1,6
1771749777889,2026-02-22T08:42:57.889Z,31,4.26,-11.03,-146.39,1,6
1771749779989,2026-02-22T08:42:59.989Z,31,14.93,4.24,126.8,1,6
1771749782089,2026-02-22T08:43:02.089Z,31,-5.75,-3.8,-132.11,1,6
1771749784189,2026-02-22T08:43:04.189Z,31,12.42,6.14,135.53,1,6
1771749786289,2026-02-22T08:43:06.289Z,31,4.08,12.24,-63.42,1,6
1771749788389,2026-02-22T08:43:08.389Z,31,11.74,-6.61,-124.2,1,6
1771749790489,2026-02-22T08:43:10.489Z,31,-37.36,-24.91,-98.7,0,6
1771749706489,2026-02-22T08:41:46.489Z,31,-25.31,-39.29,128.71,0,7
1771749708589,2026-02-22T08:41:48.589Z,31,-2.2,1.46,179.41,1,7
1771749710689,2026-02-22T08:41:50.689Z,31,-11.3,0.48,-36.14,1,7
1771749712789,2026-02-22T08:41:52.789Z,31,14.48,-2.94,-85.86,1,7
1771749714889,2026-02-22T08:41:54.889Z,31,45.09,28.63,-48.77,0,7
1771749716989,2026-02-22T08:41:56.989Z,31,-33.0,21.54,69.55,0,7
1771749719089,2026-02-22T08:41:59.089Z,31,11.79,5.26,106.4,1,7
1771749721189,2026-02-22T08:42:01.189Z,31,-14.52,10.85,174.78,1,7
1771749723289,2026-02-22T08:42:03.289Z,31,27.62,-34.4,78.32,0,7
1771749725389,2026-02-22T08:42:05.389Z,31,1.95,12.61,-12.5,1,7
1771749727489,2026-02-22T08:42:07.489Z,31,-16.08,3.09,-1.03,1,7
1771749729589,2026-02-22T08:42:09.589Z,31,16.31,-8.55,21.59,1,7
1771749731689,2026-02-22T08:42:11.689Z,31,-15.93,-3.96,132.33,1,7
1771749733789,2026-02-22T08:42:13.789Z,31,6.55,-11.3,78.79,1,7
1771749735889,2026-02-22T08:42:15.889Z,31,16.1,5.92,76.9,1,7
1771749737989,2026-02-22T08:42:17.989Z,31,7.35,11.51,175.03,1,7
1771749740089,2026-02-22T08:42:20.089Z,31,-1.72,1.0,62.88,1,7
1771749742189,2026-02-22T08:42:22.189Z,31,2.51,9.78,160.66,1,7
1771749744289,2026-02-22T08:42:24.289Z,31,1.43,4.71,-66.79,1,7
1771749746389,2026-02-22T08:42:26.389Z,31,3.95,5.51,-50.99,1,7
1771749748489,2026-02-22T08:42:28.489Z,31,17.18,2.96,10.72,1,7
1771749750589,2026-02-22T08:42:30.589Z,31,-31.22,-36.71,-169.38,0,7
1771749752689,2026-02-22T08:42:32.689Z,31,-33.29,-38.92,26.64,0,7
1771749754789,2026-02-22T08:42:34.789Z,31,45.12,33.93,-130.14,0,7
1771749756889,2026-02-22T08:42:36.889Z,31,-14.55,-3.77,74.61,1,7
1771749758989,2026-02-22T08:42:38.989Z,31,27.27,28.03,-98.41,0,7
1771749761089,2026-02-22T08:42:41.089Z,31,-33.49,-30.48,-172.66,0,7
1771749763189,2026-02-22T08:42:43.189Z,31,17.35,-11.46,-45.67,1,7
1771749765289,2026-02-22T08:42:45.289Z,31,16.69,0.76,-178.32,1,7
1771749767389,2026-02-22T08:42:47.389Z,31,-17.0,10.53,22.81,1,7
1771749769489,2026-02-22T08:42:49.489Z,31,-29.71,23.64,-101.39,0,7
1771749771589,2026-02-22T08:42:51.589Z,31,13.4,10.73,35.9,1,7
1771749773689,2026-02-22T08:42:53.689Z,31,14.09,5.37,136.68,1,7
1771749775789,2026-02-22T08:42:55.789Z,31,-12.64,8.29,-169.08,1,7
1771749777889,2026-02-22T08:42:57.889Z,31,1.35,11.91,158.65,1,7
1771749779989,2026-02-22T08:42:59.989Z,31,48.38,-26.98,-115.05,0,7
1771749782089,2026-02-22T08:43:02.089Z,31,14.41,-0.06,37.26,1,7
1771749784189,2026-02-22T08:43:04.189Z,31,48.45,35.68,159.84,0,7
1771749786289,2026-02-22T08:43:06.289Z,31,-33.46,22.83,165.74,0,7
1771749788389,2026-02-22T08:43:08.389Z,31,10.59,-11.92,-158.9,1,7
1771749706489,2026-02-22T08:41:46.489Z,32,12.21,-10.43,7.14,1,4
1771749708589,2026-02-22T08:41:48.589Z,32,-6.46,0.71,27.03,1,4
1771749710689,2026-02-22T08:41:50.689Z,32,-3.81,1.21,-107.66,1,4
1771749712789,2026-02-22T08:41:52.789Z,32,-1.88,-7.85,159.93,1,4
1771749714889,2026-02-22T08:41:54.889Z,32,-2.34,-10.86,-171.42,1,4
1771749716989,2026-02-22T08:41:56.989Z,32,2.21,2.85,-69.88,1,4
1771749719089,2026-02-22T08:41:59.089Z,32,44.27,-30.55,-165.01,0,4
1771749721189,2026-02-22T08:42:01.189Z,32,47.3,-32.82,86.13,0,4
1771749723289,2026-02-22T08:42:03.289Z,32,-16.3,-5.12,-112.23,1,4
1771749725389,2026-02-22T08:42:05.389Z,32,-45.59,34.77,8.63,0,4
1771749727489,2026-02-22T08:42:07.489Z,32,-4.65,5.18,147.84,1,4
1771749729589,2026-02-22T08:42:09.589Z,32,16.2,10.2,76.47,1,4
1771749731689,2026-02-22T08:42:11.689Z,32,-10.67,-7.62,50.55,1,4
1771749733789,2026-02-22T08:42:13.789Z,32,15.2,-7.64,68.18,1,4
1771749735889,2026-02-22T08:42:15.889Z,32,-47.61,39.69,175.35,0,4
1771749737989,2026-02-22T08:42:17.989Z,32,47.94,20.9,-129.0,0,4
1771749740089,2026-02-22T08:42:20.089Z,32,6.07,9.93,-27.78,1,4
1771749742189,2026-02-22T08:42:22.189Z,32,13.09,3.28,-106.24,1,4
1771749744289,2026-02-22T08:42:24.289Z,32,35.23,-28.32,-31.09,0,4
1771749746389,2026-02-22T08:42:26.389Z,32,14.44,8.23,-4.24,1,4
1771749748489,2026-02-22T08:42:28.489Z,32,4.56,-2.72,70.56,1,4
1771749750589,2026-02-22T08:42:30.589Z,32,5.87,-7.2,49.53,1,4
1771749752689,2026-02-22T08:42:32.689Z,32,14.48,-0.3,-113.99,1,4
1771749754789,2026-02-22T08:42:34.789Z,32,15.97,-6.33,65.13,1,4
1771749756889,2026-02-22T08:42:36.889Z,32,32.12,25.69,25.24,0,4
1771749758989,2026-02-22T08:42:38.989Z,32,-13.7,8.39,138.25,1,4
1771749761089,2026-02-22T08:42:41.089Z,32,30.02,-29.38,-140.64,0,4
1771749763189,2026-02-22T08:42:43.189Z,32,11.99,-8.2,94.51,1,4
1771749765289,2026-02-22T08:42:45.289Z,32,-35.9,28.76,-128.61,0,4
1771749767389,2026-02-22T08:42:47.389Z,32,-16.52,11.27,96.04,1,4
1771749769489,2026-02-22T08:42:49.489Z,32,-10.42,-4.73,24.77,1,4
1771749771589,2026-02-22T08:42:51.589Z,32,46.49,38.44,-53.96,0,4
1771749773689,2026-02-22T08:42:53.689Z,32,5.19,-2.83,-124.88,1,4
1771749775789,2026-02-22T08:42:55.789Z,32,-15.71,-8.22,-110.04,1,4
1771749777889,2026-02-22T08:42:57.889Z,32,-2.2,9.65,-155.02,1,4
1771749779989,2026-02-22T08:42:59.989Z,32,1.03,1.48,-128.39,1,4
1771749782089,2026-02-22T08:43:02.089Z,32,-27.78,-28.2,12.34,0,4
1771749784189,2026-02-22T08:43:04.189Z,32,-11.88,11.25,-46.67,1,4
1771749786289,2026-02-22T08:43:06.289Z,32,-14.26,-6.92,-42.76,1,4
1771749788389,2026-02-22T08:43:08.389Z,32,11.29,6.99,-136.93,1,4
1771749790489,2026-02-22T08:43:10.489Z,32,4.62,1.65,-153.39,1,4
1771749706489,2026-02-22T08:41:46.489Z,32,48.43,25.65,41.78,0,5
1771749708589,2026-02-22T08:41:48.589Z,32,8.93,4.75,40.54,1,5
1771749710689,2026-02-22T08:41:50.689Z,32,17.57,-1.17,150.99,1,5
1771749712789,2026-02-22T08:41:52.789Z,32,1.31,-3.64,-128.01,1,5
1771749714889,2026-02-22T08:41:54.889Z,32,-11.72,12.15,179.69,1,5
1771749716989,2026-02-22T08:41:56.989Z,32,43.5,36.11,-128.17,0,5
1771749719089,2026-02-22T08:41:59.089Z,32,7.58,1.08,-98.29,1,5
1771749721189,2026-02-22T08:42:01.189Z,32,12.24,-3.82,159.08,1,5
1771749723289,2026-02-22T08:42:03.289Z,32,-2.96,6.07,-20.2,1,5
1771749725389,2026-02-22T08:42:05.389Z,32,-4.91,-4.52,-36.4,1,5
1771749727489,2026-02-22T08:42:07.489Z,32,-10.59,-7.36,-111.25,1,5
1771749729589,2026-02-22T08:42:09.589Z,32,13.45,4.14,42.8,1,5
1771749731689,2026-02-22T08:42:11.689Z,32,34.37,24.27,-129.12,0,5
1771749733789,2026-02-22T08:42:13.789Z,32,5.48,-5.19,119.84,1,5
1771749735889,2026-02-22T08:42:15.889Z,32,4.45,-11.68,-101.82,1,5
1771749737989,2026-02-22T08:42:17.989Z,32,-12.36,-3.01,6.3,1,5
1771749740089,2026-02-22T08:42:20.089Z,32,-2.05,5.04,-41.05,1,5
1771749742189,2026-02-22T08:42:22.189Z,32,-8.16,6.4,22.81,1,5
1771749744289,2026-02-22T08:42:24.289Z,32,-3.53,7.33,-108.79,1,5
1771749746389,2026-02-22T08:42:26.389Z,32,-1.13,9.57,-133.0,1,5
1771749748489,2026-02-22T08:42:28.489Z,32,40.26,-33.52,103.31,0,5
1771749750589,2026-02-22T08:42:30.589Z,32,-17.69,9.42,-161.01,1,5
1771749752689,2026-02-22T08:42:32.689Z,32,48.29,24.06,-125.78,0,5
1771749754789,2026-02-22T08:42:34.789Z,32,12.26,-3.56,147.33,1,5
1771749756889,2026-02-22T08:42:36.889Z,32,11.82,-0.65,73.3,1,5
1771749758989,2026-02-22T08:42:38.989Z,32,-14.35,1.61,144.29,1,5
1771749761089,2026-02-22T08:42:41.089Z,32,-3.05,0.84,42.58,1,5
1771749763189,2026-02-22T08:42:43.189Z,32,1.88,-0.79,173.99,1,5
1771749765289,2026-02-22T08:42:45.289Z,32,14.53,12.38,58.99,1,5
1771749767389,2026-02-22T08:42:47.389Z,32,-1.98,6.65,-131.18,1,5
1771749769489,2026-02-22T08:42:49.489Z,32,-4.34,-8.57,-172.82,1,5
1771749771589,2026-02-22T08:42:51.589Z,32,11.45,11.2,30.56,1,5
1771749773689,2026-02-22T08:42:53.689Z,32,14.18,12.23,160.78,1,5
1771749775789,2026-02-22T08:42:55.789Z,32,13.88,12.68,139.14,1,5
1771749777889,2026-02-22T08:42:57.889Z,32,-13.14,-5.2,-38.3,1,5
1771749779989,2026-02-22T08:42:59.989Z,32,17.74,7.57,60.81,1,5
1771749782089,2026-02-22T08:43:02.089Z,32,32.31,-27.09,174.09,0,5
1771749784189,2026-02-22T08:43:04.189Z,32,4.39,2.35,177.01,1,5
1771749786289,2026-02-22T08:43:06.289Z,32,-8.9,0.35,173.53,1,5
1771749788389,2026-02-22T08:43:08.389Z,32,-37.24,-21.04,-94.03,0,5
1771749706489,2026-02-22T08:41:46.489Z,32,-8.18,12.87,56.41,1,6
1771749708589,2026-02-22T08:41:48.589Z,32,-6.01,-12.18,133.93,1,6
1771749710689,2026-02-22T08:41:50.689Z,32,-43.37,-26.05,-108.13,0,6
1771749712789,2026-02-22T08:41:52.789Z,32,-4.02,5.08,-82.7,1,6
1771749714889,2026-02-22T08:41:54.889Z,32,-4.8,0.33,177.72,1,6
1771749716989,2026-02-22T08:41:56.989Z,32,7.46,-9.56,-55.35,1,6
1771749719089,2026-02-22T08:41:59.089Z,32,-11.06,-5.68,-150.01,1,6
1771749721189,2026-02-22T08:42:01.189Z,32,6.19,7.94,148.8,1,6
1771749723289,2026-02-22T08:42:03.289Z,32,-25.58,-36.12,-141.46,0,6
1771749725389,2026-02-22T08:42:05.389Z,32,-4.56,-9.0,108.52,1,6
1771749727489,2026-02-22T08:42:07.489Z,32,-25.24,-34.73,-57.19,0,6
1771749729589,2026-02-22T08:42:09.589Z,32,-28.91,32.62,-60.88,0,6
1771749731689,2026-02-22T08:42:11.689Z,32,4.05,-11.54,-130.06,1,6
1771749733789,2026-02-22T08:42:13.789Z,32,-29.64,-20.08,104.97,0,6
1771749735889,2026-02-22T08:42:15.889Z,32,-16.2,-10.94,-64.65,1,6
1771749737989,2026-02-22T08:42:17.989Z,32,-0.86,-7.87,175.65,1,6
1771749740089,2026-02-22T08:42:20.089Z,32,-11.3,-5.51,63.42,1,6
1771749742189,2026-02-22T08:42:22.189Z,32,-36.06,-21.59,170.71,0,6
1771749744289,2026-02-22T08:42:24.289Z,32,13.61,1.96,-111.84,1,6
1771749746389,2026-02-22T08:42:26.389Z,32,9.42,-8.11,125.5,1,6
1771749748489,2026-02-22T08:42:28.489Z,32,-29.06,32.03,2.4,0,6
1771749750589,2026-02-22T08:42:30.589Z,32,-2.65,8.44,84.76,1,6
1771749752689,2026-02-22T08:42:32.689Z,32,5.57,12.17,-89.4,1,6
1771749754789,2026-02-22T08:42:34.789Z,32,-26.54,26.88,83.85,0,6
1771749756889,2026-02-22T08:42:36.889Z,32,11.44,-10.92,95.2,1,6
1771749758989,2026-02-22T08:42:38.989Z,32,-17.57,6.35,-148.24,1,6
1771749761089,2026-02-22T08:42:41.089Z,32,14.99,-3.6,65.19,1,6
1771749763189,2026-02-22T08:42:43.189Z,32,-15.63,-6.18,122.3,1,6
1771749765289,2026-02-22T08:42:45.289Z,32,8.72,-0.51,-0.11,1,6
1771749767389,2026-02-22T08:42:47.389Z,32,38.65,-24.56,-118.6,0,6
1771749769489,2026-02-22T08:42:49.489Z,32,-3.25,9.88,-63.23,1,6
1771749771589,2026-02-22T08:42:51.589Z,32,36.59,29.04,-128.85,0,6
1771749773689,2026-02-22T08:42:53.689Z,32,-2.89,-12.36,-129.8,1,6
1771749706489,2026-02-22T08:41:46.489Z,32,13.33,-9.12,-48.34,1,7
1771749708589,2026-02-22T08:41:48.589Z,32,11.43,10.54,-125.63,1,7
1771749710689,2026-02-22T08:41:50.689Z,32,-27.37,29.45,-82.48,0,7
1771749712789,2026-02-22T08:41:52.789Z,32,-0.1,-8.88,118.72,1,7
1771749714889,2026-02-22T08:41:54.889Z,32,-8.0,-8.06,38.46,1,7
1771749716989,2026-02-22T08:41:56.989Z,32,-2.34,9.14,-4.56,1,7
1771749719089,2026-02-22T08:41:59.089Z,32,-5.28,-10.24,163.06,1,7
1771749721189,2026-02-22T08:42:01.189Z,32,3.88,-9.32,6.75,1,7
1771749723289,2026-02-22T08:42:03.289Z,32,-10.21,-0.25,164.47,1,7
1771749725389,2026-02-22T08:42:05.389Z,32,-5.81,-4.92,42.65,1,7
1771749727489,2026-02-22T08:42:07.489Z,32,3.57,0.77,-57.2,1,7
1771749729589,2026-02-22T08:42:09.589Z,32,6.79,-9.67,23.52,1,7
1771749731689,2026-02-22T08:42:11.689Z,32,-17.36,-3.38,-91.4,1,7
1771749733789,2026-02-22T08:42:13.789Z,32,-47.75,32.68,144.66,0,7
1771749735889,2026-02-22T08:42:15.889Z,32,-7.9,-4.14,105.77,1,7
1771749737989,2026-02-22T08:42:17.989Z,32,14.47,12.1,101.37,1,7
1771749740089,2026-02-22T08:42:20.089Z,32,14.81,5.41,39.38,1,7
1771749742189,2026-02-22T08:42:22.189Z,32,-9.03,1.65,140.6,1,7
1771749744289,2026-02-22T08:42:24.289Z,32,13.71,-3.01,-126.59,1,7
1771749746389,2026-02-22T08:42:26.389Z,32,1.05,-0.97,144.15,1,7
1771749748489,2026-02-22T08:42:28.489Z,32,26.67,35.55,104.86,0,7
1771749750589,2026-02-22T08:42:30.589Z,32,-12.85,9.04,-158.75,1,7
1771749752689,2026-02-22T08:42:32.689Z,32,4.79,-4.49,116.94,1,7
1771749754789,2026-02-22T08:42:34.789Z,32,-12.74,-5.91,-64.79,1,7
1771749756889,2026-02-22T08:42:36.889Z,32,-45.6,-39.15,35.13,0,7
1771749758989,2026-02-22T08:42:38.989Z,32,8.4,6.12,-109.82,1,7
1771749761089,2026-02-22T08:42:41.089Z,32,-7.83,7.56,-27.72,1,7
1771749763189,2026-02-22T08:42:43.189Z,32,-17.61,-6.21,-128.14,1,7
1771749765289,2026-02-22T08:42:45.289Z,32,5.46,6.82,-151.66,1,7
1771749767389,2026-02-22T08:42:47.389Z,32,14.75,-9.16,45.32,1,7
1771749706489,2026-02-22T08:41:46.489Z,33,15.73,-1.15,-108.8,1,4
1771749708589,2026-02-22T08:41:48.589Z,33,29.07,-26.46,-173.9,0,4
1771749710689,2026-02-22T08:41:50.689Z,33,-6.24,-0.6,-128.97,1,4
1771749712789,2026-02-22T08:41:52.789Z,33,38.75,32.93,-37.61,0,4
1771749714889,2026-02-22T08:41:54.889Z,33,12.1,-12.1,-78.15,1,4
1771749716989,2026-02-22T08:41:56.989Z,33,-47.08,-34.46,76.92,0,4
1771749719089,2026-02-22T08:41:59.089Z,33,15.37,-9.36,-143.19,1,4
1771749721189,2026-02-22T08:42:01.189Z,33,7.7,-10.61,-50.29,1,4
1771749723289,2026-02-22T08:42:03.289Z,33,-15.08,-4.07,-154.95,1,4
1771749725389,2026-02-22T08:42:05.389Z,33,-15.76,-2.17,104.3,1,4
1771749727489,2026-02-22T08:42:07.489Z,33,-45.36,23.18,94.6,0,4
1771749729589,2026-02-22T08:42:09.589Z,33,-30.98,-21.05,123.44,0,4
1771749731689,2026-02-22T08:42:11.689Z,33,-16.47,-7.31,-96.24,1,4
1771749733789,2026-02-22T08:42:13.789Z,33,13.34,0.02,-63.74,1,4
1771749735889,2026-02-22T08:42:15.889Z,33,25.48,29.84,61.07,0,4
1771749737989,2026-02-22T08:42:17.989Z,33,-26.0,-24.18,29.79,0,4
1771749740089,2026-02-22T08:42:20.089Z,33,7.27,2.12,-47.48,1,4
1771749742189,2026-02-22T08:42:22.189Z,33,-34.93,-30.72,149.47,0,4
1771749744289,2026-02-22T08:42:24.289Z,33,31.64,30.22,-122.45,0,4
1771749746389,2026-02-22T08:42:26.389Z,33,3.87,-4.3,-62.26,1,4
1771749748489,2026-02-22T08:42:28.489Z,33,-13.71,-5.58,-169.63,1,4
1771749750589,2026-02-22T08:42:30.589Z,33,30.11,-20.83,109.67,0,4
1771749752689,2026-02-22T08:42:32.689Z,33,-30.0,36.66,62.71,0,4
1771749754789,2026-02-22T08:42:34.789Z,33,34.02,-32.96,-97.27,0,4
1771749756889,2026-02-22T08:42:36.889Z,33,30.42,-26.2,-102.09,0,4
1771749758989,2026-02-22T08:42:38.989Z,33,-5.98,-0.01,79.18,1,4
1771749761089,2026-02-22T08:42:41.089Z,33,49.61,-38.42,-7.14,0,4
1771749763189,2026-02-22T08:42:43.189Z,33,-26.94,-37.69,126.97,0,4
1771749765289,2026-02-22T08:42:45.289Z,33,-48.67,-26.07,-42.69,0,4
1771749767389,2026-02-22T08:42:47.389Z,33,-27.43,24.31,-111.32,0,4
1771749769489,2026-02-22T08:42:49.489Z,33,13.55,-11.02,-29.7,1,4
1771749771589,2026-02-22T08:42:51.589Z,33,9.74,10.36,-71.26,1,4
1771749773689,2026-02-22T08:42:53.689Z,33,15.48,10.07,108.2,1,4
1771749775789,2026-02-22T08:42:55.789Z,33,15.1,6.35,65.46,1,4
1771749777889,2026-02-22T08:42:57.889Z,33,15.52,-0.61,-174.84,1,4
1771749779989,2026-02-22T08:42:59.989Z,33,-9.55,9.61,28.72,1,4
1771749782089,2026-02-22T08:43:02.089Z,33,25.56,21.27,69.05,0,4
1771749784189,2026-02-22T08:43:04.189Z,33,-3.69,-3.19,-166.62,1,4
1771749786289,2026-02-22T08:43:06.289Z,33,-1.23,-8.45,-175.22,1,4
1771749788389,2026-02-22T08:43:08.389Z,33,-48.99,34.2,78.79,0,4
1771749790489,2026-02-22T08:43:10.489Z,33,-8.38,4.45,166.75,1,4
1771749792589,2026-02-22T08:43:12.589Z,33,6.83,8.07,178.5,1,4
1771749794689,2026-02-22T08:43:14.689Z,33,2.28,9.28,21.22,1,4
1771749796789,2026-02-22T08:43:16.789Z,33,-42.89,-25.73,-148.17,0,4
1771749706489,2026-02-22T08:41:46.489Z,33,-0.99,-8.74,57.1,1,5
1771749708589,2026-02-22T08:41:48.589Z,33,1.84,-9.21,84.67,1,5
1771749710689,2026-02-22T08:41:50.689Z,33,-11.74,-2.55,-11.71,1,5
1771749712789,2026-02-22T08:41:52.789Z,33,-7.47,8.17,90.6,1,5
1771749714889,2026-02-22T08:41:54.889Z,33,1.52,-3.63,-24.58,1,5
1771749716989,2026-02-22T08:41:56.989Z,33,-33.32,32.91,-17.72,0,5
1771749719089,2026-02-22T08:41:59.089Z,33,6.49,10.13,-56.36,1,5
1771749721189,2026-02-22T08:42:01.189Z,33,-39.97,-37.02,26.53,0,5
1771749723289,2026-02-22T08:42:03.289Z,33,-45.62,21.63,-29.17,0,5
1771749725389,2026-02-22T08:42:05.389Z,33,0.05,-11.91,-142.63,1,5
1771749727489,2026-02-22T08:42:07.489Z,33,15.64,4.28,-120.71,1,5
1771749729589,2026-02-22T08:42:09.589Z,33,7.55,-4.29,-137.91,1,5
1771749731689,2026-02-22T08:42:11.689Z,33,38.71,30.46,114.97,0,5
1771749733789,2026-02-22T08:42:13.789Z,33,-5.36,-2.39,90.56,1,5
1771749735889,2026-02-22T08:42:15.889Z,33,5.06,-1.2,120.37,1,5
1771749737989,2026-02-22T08:42:17.989Z,33,-42.91,-29.9,149.7,0,5
1771749740089,2026-02-22T08:42:20.089Z,33,31.05,26.06,-104.67,0,5
1771749742189,2026-02-22T08:42:22.189Z,33,-25.59,-25.92,-105.45,0,5
1771749744289,2026-02-22T08:42:24.289Z,33,-26.68,39.02,-28.11,0,5
1771749746389,2026-02-22T08:42:26.389Z,33,-3.49,5.14,-71.92,1,5
1771749748489,2026-02-22T08:42:28.489Z,33,-10.5,-1.86,32.29,1,5
1771749750589,2026-02-22T08:42:30.589Z,33,4.13,-11.91,-3.12,1,5
1771749752689,2026-02-22T08:42:32.689Z,33,-6.49,-12.19,72.23,1,5
1771749754789,2026-02-22T08:42:34.789Z,33,43.82,-28.45,31.36,0,5
1771749756889,2026-02-22T08:42:36.889Z,33,49.87,20.77,-4.52,0,5
1771749758989,2026-02-22T08:42:38.989Z,33,31.3,-21.66,80.74,0,5
1771749761089,2026-02-22T08:42:41.089Z,33,-36.37,24.83,174.24,0,5
1771749763189,2026-02-22T08:42:43.189Z,33,-6.85,7.21,127.67,1,5
1771749765289,2026-02-22T08:42:45.289Z,33,-3.22,-12.73,-133.78,1,5
1771749767389,2026-02-22T08:42:47.389Z,33,-48.39,21.38,-114.76,0,5
1771749769489,2026-02-22T08:42:49.489Z,33,2.34,7.83,12.84,1,5
1771749706489,2026-02-22T08:41:46.489Z,33,29.35,25.87,-121.41,0,6
1771749708589,2026-02-22T08:41:48.589Z,33,-6.07,-10.15,-124.27,1,6
1771749710689,2026-02-22T08:41:50.689Z,33,-37.05,-20.11,99.27,0,6
1771749712789,2026-02-22T08:41:52.789Z,33,-44.31,-26.05,-99.57,0,6
1771749714889,2026-02-22T08:41:54.889Z,33,30.72,36.17,161.29,0,6
1771749716989,2026-02-22T08:41:56.989Z,33,-12.08,-9.57,172.37,1,6
1771749719089,2026-02-22T08:41:59.089Z,33,-35.95,35.89,-25.21,0,6
1771749721189,2026-02-22T08:42:01.189Z,33,40.87,-28.37,-167.93,0,6
1771749723289,2026-02-22T08:42:03.289Z,33,7.27,-11.26,-148.59,1,6
1771749725389,2026-02-22T08:42:05.389Z,33,36.87,-38.13,135.19,0,6
1771749727489,2026-02-22T08:42:07.489Z,33,-12.17,1.83,59.27,1,6
1771749729589,2026-02-22T08:42:09.589Z,33,17.87,-3.29,-85.32,1,6
1771749731689,2026-02-22T08:42:11.689Z,33,10.44,-8.18,-31.23,1,6
1771749733789,2026-02-22T08:42:13.789Z,33,-30.06,22.66,72.53,0,6
1771749735889,2026-02-22T08:42:15.889Z,33,-15.84,7.49,-139.41,1,6
1771749737989,2026-02-22T08:42:17.989Z,33,-32.58,-26.39,-92.28,0,6
1771749740089,2026-02-22T08:42:20.089Z,33,-10.31,4.26,-7.82,1,6
1771749742189,2026-02-22T08:42:22.189Z,33,-11.79,1.38,45.73,1,6
1771749744289,2026-02-22T08:42:24.289Z,33,-28.65,-37.16,-127.66,0,6
1771749746389,2026-02-22T08:42:26.389Z,33,37.83,-31.32,-91.06,0,6
1771749748489,2026-02-22T08:42:28.489Z,33,48.44,28.13,90.85,0,6
1771749750589,2026-02-22T08:42:30.589Z,33,-6.46,-2.74,-110.66,1,6
1771749752689,2026-02-22T08:42:32.689Z,33,34.77,-34.97,-134.16,0,6
1771749706489,2026-02-22T08:41:46.489Z,33,41.15,-24.83,7.65,0,7
1771749708589,2026-02-22T08:41:48.589Z,33,-15.3,2.6,-29.77,1,7
1771749710689,2026-02-22T08:41:50.689Z,33,-44.32,-27.39,-38.42,0,7
1771749712789,2026-02-22T08:41:52.789Z,33,11.05,10.84,-70.74,1,7
1771749714889,2026-02-22T08:41:54.889Z,33,47.98,30.23,-41.01,0,7
1771749716989,2026-02-22T08:41:56.989Z,33,-36.73,-33.83,171.08,0,7
1771749719089,2026-02-22T08:41:59.089Z,33,-31.29,38.68,134.91,0,7
1771749721189,2026-02-22T08:42:01.189Z,33,-32.83,38.14,23.77,0,7
1771749723289,2026-02-22T08:42:03.289Z,33,-6.97,8.47,6.36,1,7
1771749725389,2026-02-22T08:42:05.389Z,33,-8.5,-1.98,57.28,1,7
1771749727489,2026-02-22T08:42:07.489Z,33,-45.06,23.8,66.95,0,7
1771749729589,2026-02-22T08:42:09.589Z,33,30.11,31.63,-117.57,0,7
1771749731689,2026-02-22T08:42:11.689Z,33,40.96,-31.96,48.04,0,7
1771749733789,2026-02-22T08:42:13.789Z,33,13.94,8.05,-45.0,1,7
1771749735889,2026-02-22T08:42:15.889Z,33,7.81,11.24,-14.73,1,7
1771749737989,2026-02-22T08:42:17.989Z,33,-8.83,-11.13,-135.21,1,7
1771749740089,2026-02-22T08:42:20.089Z,33,1.82,-2.78,-156.04,1,7
1771749742189,2026-02-22T08:42:22.189Z,33,48.2,38.7,18.23,0,7
1771749744289,2026-02-22T08:42:24.289Z,33,29.98,-39.63,46.12,0,7
1771749746389,2026-02-22T08:42:26.389Z,33,-14.11,-1.63,-67.27,1,7
1771749748489,2026-02-22T08:42:28.489Z,33,-13.58,6.76,177.91,1,7
1771749750589,2026-02-22T08:42:30.589Z,33,-15.47,-10.21,12.68,1,7
1771749752689,2026-02-22T08:42:32.689Z,33,-14.55,6.32,-27.63,1,7
1771749754789,2026-02-22T08:42:34.789Z,33,5.77,-11.44,-139.88,1,7
1771749756889,2026-02-22T08:42:36.889Z,33,32.1,-24.61,42.59,0,7
1771749758989,2026-02-22T08:42:38.989Z,33,48.2,36.82,-125.39,0,7
1771749761089,2026-02-22T08:42:41.089Z,33,44.06,-36.11,117.04,0,7
1771749763189,2026-02-22T08:42:43.189Z,33,4.19,11.82,-147.18,1,7
1771749765289,2026-02-22T08:42:45.289Z,33,45.24,-21.91,124.34,0,7
1771749767389,2026-02-22T08:42:47.389Z,33,-1.46,-8.69,-117.52,1,7
1771749769489,2026-02-22T08:42:49.489Z,33,-14.13,-6.79,-68.94,1,7
1771749771589,2026-02-22T08:42:51.589Z,33,36.15,-22.01,-150.48,0,7
1771749773689,2026-02-22T08:42:53.689Z,33,28.76,37.01,90.25,0,7
1771749775789,2026-02-22T08:42:55.789Z,33,9.54,-7.67,62.39,1,7
1771749777889,2026-02-22T08:42:57.889Z,33,13.51,-4.1,-172.54,1,7
1771749779989,2026-02-22T08:42:59.989Z,33,45.96,-27.46,73.24,0,7
1771749782089,2026-02-22T08:43:02.089Z,33,29.21,24.14,-66.88,0,7
1771749784189,2026-02-22T08:43:04.189Z,33,-9.04,-5.44,-96.88,1,7
1771749786289,2026-02-22T08:43:06.289Z,33,49.02,-32.91,-156.71,0,7
1771749706489,2026-02-22T08:41:46.489Z,34,-4.29,-0.24,80.7,1,4
1771749708589,2026-02-22T08:41:48.589Z,34,-35.93,24.57,-48.03,0,4
1771749710689,2026-02-22T08:41:50.689Z,34,28.95,-37.07,52.2,0,4
1771749712789,2026-02-22T08:41:52.789Z,34,-46.15,27.29,93.86,0,4
1771749714889,2026-02-22T08:41:54.889Z,34,14.97,-10.6,70.31,1,4
1771749716989,2026-02-22T08:41:56.989Z,34,-15.15,11.23,-16.88,1,4
1771749719089,2026-02-22T08:41:59.089Z,34,12.91,-5.76,149.75,1,4
1771749721189,2026-02-22T08:42:01.189Z,34,-6.78,0.53,-96.55,1,4
1771749723289,2026-02-22T08:42:03.289Z,34,-16.12,4.02,102.33,1,4
1771749725389,2026-02-22T08:42:05.389Z,34,-32.21,38.84,142.17,0,4
1771749727489,2026-02-22T08:42:07.489Z,34,11.08,-7.92,76.51,1,4
1771749729589,2026-02-22T08:42:09.589Z,34,-14.35,8.25,-115.66,1,4
1771749731689,2026-02-22T08:42:11.689Z,34,-1.35,6.78,80.36,1,4
1771749733789,2026-02-22T08:42:13.789Z,34,15.56,-6.61,-176.85,1,4
1771749735889,2026-02-22T08:42:15.889Z,34,37.83,-30.02,142.14,0,4
1771749737989,2026-02-22T08:42:17.989Z,34,-11.99,-0.8,124.75,1,4
1771749740089,2026-02-22T08:42:20.089Z,34,3.92,-3.45,101.94,1,4
1771749742189,2026-02-22T08:42:22.189Z,34,-1.62,5.47,76.83,1,4
1771749744289,2026-02-22T08:42:24.289Z,34,3.82,-11.9,173.83,1,4
1771749746389,2026-02-22T08:42:26.389Z,34,-7.66,0.75,-3.62,1,4
1771749748489,2026-02-22T08:42:28.489Z,34,47.22,39.24,159.58,0,4
1771749750589,2026-02-22T08:42:30.589Z,34,3.8,5.68,89.76,1,4
1771749752689,2026-02-22T08:42:32.689Z,34,29.17,22.52,-166.89,0,4
1771749754789,2026-02-22T08:42:34.789Z,34,17.81,8.89,-138.41,1,4
1771749756889,2026-02-22T08:42:36.889Z,34,34.4,20.48,-4.6,0,4
1771749758989,2026-02-22T08:42:38.989Z,34,-35.89,-29.0,32.55,0,4
1771749761089,2026-02-22T08:42:41.089Z,34,-41.23,27.93,-128.77,0,4
1771749763189,2026-02-22T08:42:43.189Z,34,31.32,29.33,-12.53,0,4
1771749765289,2026-02-22T08:42:45.289Z,34,28.26,-24.91,-127.61,0,4
1771749767389,2026-02-22T08:42:47.389Z,34,-32.39,-27.01,147.38,0,4
1771749769489,2026-02-22T08:42:49.489Z,34,26.95,27.1,4.52,0,4
1771749771589,2026-02-22T08:42:51.589Z,34,15.62,9.58,-7.39,1,4
1771749773689,2026-02-22T08:42:53.689Z,34,-11.03,10.97,-120.26,1,4
1771749775789,2026-02-22T08:42:55.789Z,34,-43.61,21.2,3.42,0,4
1771749777889,2026-02-22T08:42:57.889Z,34,25.6,26.68,40.65,0,4
1771749779989,2026-02-22T08:42:59.989Z,34,-6.24,-3.43,108.44,1,4
1771749782089,2026-02-22T08:43:02.089Z,34,43.96,35.27,-166.98,0,4
1771749784189,2026-02-22T08:43:04.189Z,34,-49.97,-38.66,-43.95,0,4
1771749706489,2026-02-22T08:41:46.489Z,34,28.6,-21.86,-41.8,0,5
1771749708589,2026-02-22T08:41:48.589Z,34,-16.49,-5.12,163.28,1,5
1771749710689,2026-02-22T08:41:50.689Z,34,2.49,-2.14,117.33,1,5
1771749712789,2026-02-22T08:41:52.789Z,34,1.69,-6.37,149.79,1,5
1771749714889,2026-02-22T08:41:54.889Z,34,-15.62,9.33,-84.42,1,5
1771749716989,2026-02-22T08:41:56.989Z,34,-15.62,-0.82,173.23,1,5
1771749719089,2026-02-22T08:41:59.089Z,34,27.86,36.23,-56.61,0,5
1771749721189,2026-02-22T08:42:01.189Z,34,46.26,31.54,17.25,0,5
1771749723289,2026-02-22T08:42:03.289Z,34,40.79,30.53,60.39,0,5
1771749725389,2026-02-22T08:42:05.389Z,34,45.15,-24.52,-172.0,0,5
1771749727489,2026-02-22T08:42:07.489Z,34,-6.19,0.23,-0.41,1,5
1771749729589,2026-02-22T08:42:09.589Z,34,26.28,36.03,-87.25,0,5
1771749731689,2026-02-22T08:42:11.689Z,34,-46.11,-37.61,-90.45,0,5
1771749733789,2026-02-22T08:42:13.789Z,34,-42.43,28.25,-36.05,0,5
1771749735889,2026-02-22T08:42:15.889Z,34,-7.23,-6.7,44.3,1,5
1771749737989,2026-02-22T08:42:17.989Z,34,-44.37,-28.71,113.42,0,5
1771749740089,2026-02-22T08:42:20.089Z,34,-0.97,-12.2,157.53,1,5
1771749742189,2026-02-22T08:42:22.189Z,34,-9.52,9.86,-2.93,1,5
1771749744289,2026-02-22T08:42:24.289Z,34,-35.13,-25.73,39.81,0,5
1771749746389,2026-02-22T08:42:26.389Z,34,-12.27,-4.49,-44.33,1,5
1771749748489,2026-02-22T08:42:28.489Z,34,-15.04,7.7,-176.94,1,5
1771749750589,2026-02-22T08:42:30.589Z,34,-0.26,-10.6,169.22,1,5
1771749752689,2026-02-22T08:42:32.689Z,34,-49.8,-29.42,-168.23,0,5
1771749754789,2026-02-22T08:42:34.789Z,34,12.37,4.65,150.51,1,5
1771749756889,2026-02-22T08:42:36.889Z,34,-26.01,26.6,-165.98,0,5
1771749758989,2026-02-22T08:42:38.989Z,34,17.57,2.97,115.71,1,5
1771749761089,2026-02-22T08:42:41.089Z,34,-11.88,-2.84,177.65,1,5
1771749763189,2026-02-22T08:42:43.189Z,34,3.36,3.0,9.39,1,5
1771749765289,2026-02-22T08:42:45.289Z,34,28.47,32.12,-86.41,0,5
1771749767389,2026-02-22T08:42:47.389Z,34,-37.41,-33.78,-168.47,0,5
1771749769489,2026-02-22T08:42:49.489Z,34,-42.37,27.18,3.2,0,5
1771749771589,2026-02-22T08:42:51.589Z,34,7.4,-2.57,110.51,1,5
1771749773689,2026-02-22T08:42:53.689Z,34,17.45,-4.96,-62.42,1,5
1771749775789,2026-02-22T08:42:55.789Z,34,-12.65,-8.96,-151.4,1,5
1771749777889,2026-02-22T08:42:57.889Z,34,-13.76,-10.2,-18.39,1,5
1771749779989,2026-02-22T08:42:59.989Z,34,-15.36,7.03,67.58,1,5
1771749782089,2026-02-22T08:43:02.089Z,34,7.87,-1.68,-135.86,1,5
1771749784189,2026-02-22T08:43:04.189Z,34,48.44,-37.91,56.23,0,5
1771749786289,2026-02-22T08:43:06.289Z,34,-3.93,-4.03,-162.39,1,5
1771749788389,2026-02-22T08:43:08.389Z,34,34.74,29.27,167.96,0,5
1771749790489,2026-02-22T08:43:10.489Z,34,36.24,34.91,74.66,0,5
1771749706489,2026-02-22T08:41:46.489Z,34,-25.19,-39.09,-30.31,0,6
1771749708589,2026-02-22T08:41:48.589Z,34,28.7,-24.8,37.41,0,6
1771749710689,2026-02-22T08:41:50.689Z,34,-43.02,20.77,-176.68,0,6
1771749712789,2026-02-22T08:41:52.789Z,34,-5.65,2.99,-58.62,1,6
1771749714889,2026-02-22T08:41:54.889Z,34,9.78,12.2,-107.38,1,6
1771749716989,2026-02-22T08:41:56.989Z,34,6.49,9.3,87.86,1,6
1771749719089,2026-02-22T08:41:59.089Z,34,-3.94,0.75,32.58,1,6
1771749721189,2026-02-22T08:42:01.189Z,34,-35.87,-29.1,78.88,0,6
1771749723289,2026-02-22T08:42:03.289Z,34,26.11,20.36,32.16,0,6
1771749725389,2026-02-22T08:42:05.389Z,34,-36.86,38.58,149.08,0,6
1771749727489,2026-02-22T08:42:07.489Z,34,-48.08,-28.99,-71.9,0,6
1771749729589,2026-02-22T08:42:09.589Z,34,-45.42,27.9,-178.46,0,6
1771749731689,2026-02-22T08:42:11.689Z,34,-10.02,8.36,-93.97,1,6
1771749733789,2026-02-22T08:42:13.789Z,34,-16.28,-11.02,109.18,1,6
1771749735889,2026-02-22T08:42:15.889Z,34,25.41,35.38,58.79,0,6
1771749737989,2026-02-22T08:42:17.989Z,34,-38.35,35.59,127.88,0,6
1771749740089,2026-02-22T08:42:20.089Z,34,39.02,23.54,56.2,0,6
1771749742189,2026-02-22T08:42:22.189Z,34,-2.54,-4.45,-91.59,1,6
1771749744289,2026-02-22T08:42:24.289Z,34,-28.25,23.38,-74.77,0,6
1771749746389,2026-02-22T08:42:26.389Z,34,-12.17,-1.91,82.5,1,6
1771749748489,2026-02-22T08:42:28.489Z,34,9.54,-5.49,179.24,1,6
1771749750589,2026-02-22T08:42:30.589Z,34,-26.91,-37.46,127.09,0,6
1771749752689,2026-02-22T08:42:32.689Z,34,-9.38,7.25,105.99,1,6
1771749754789,2026-02-22T08:42:34.789Z,34,-27.83,26.75,0.17,0,6
1771749756889,2026-02-22T08:42:36.889Z,34,37.77,33.36,-79.81,0,6
1771749758989,2026-02-22T08:42:38.989Z,34,10.4,-3.82,-40.36,1,6
1771749761089,2026-02-22T08:42:41.089Z,34,16.02,5.86,147.93,1,6
1771749763189,2026-02-22T08:42:43.189Z,34,-49.8,-22.92,-122.28,0,6
1771749765289,2026-02-22T08:42:45.289Z,34,-36.97,20.6,127.26,0,6
1771749767389,2026-02-22T08:42:47.389Z,34,27.59,24.25,-111.55,0,6
1771749769489,2026-02-22T08:42:49.489Z,34,-49.4,-36.69,156.17,0,6
1771749771589,2026-02-22T08:42:51.589Z,34,34.68,23.98,-164.89,0,6
1771749773689,2026-02-22T08:42:53.689Z,34,-39.27,-39.75,156.21,0,6
1771749775789,2026-02-22T08:42:55.789Z,34,43.74,-39.39,130.32,0,6
1771749777889,2026-02-22T08:42:57.889Z,34,12.35,2.46,22.11,1,6
1771749779989,2026-02-22T08:42:59.989Z,34,-13.11,-0.15,178.61,1,6
1771749782089,2026-02-22T08:43:02.089Z,34,27.99,-35.72,49.71,0,6
1771749784189,2026-02-22T08:43:04.189Z,34,1.33,-1.93,-165.98,1,6
1771749786289,2026-02-22T08:43:06.289Z,34,15.81,4.29,179.43,1,6
1771749788389,2026-02-22T08:43:08.389Z,34,49.98,26.8,-31.67,0,6
1771749790489,2026-02-22T08:43:10.489Z,34,1.11,-11.05,-68.98,1,6
1771749792589,2026-02-22T08:43:12.589Z,34,-17.18,12.51,-62.01,1,6
1771749794689,2026-02-22T08:43:14.689Z,34,-48.29,-27.25,-145.74,0,6
1771749796789,2026-02-22T08:43:16.789Z,34,-5.98,10.1,-114.26,1,6
1771749706489,2026-02-22T08:41:46.489Z,34,-30.79,26.23,93.83,0,7
1771749708589,2026-02-22T08:41:48.589Z,34,-45.29,38.13,56.84,0,7
1771749710689,2026-02-22T08:41:50.689Z,34,-3.47,11.2,-67.72,1,7
1771749712789,2026-02-22T08:41:52.789Z,34,-41.45,34.82,-130.72,0,7
1771749714889,2026-02-22T08:41:54.889Z,34,16.01,-12.9,140.9,1,7
1771749716989,2026-02-22T08:41:56.989Z,34,11.14,-2.44,-141.52,1,7
1771749719089,2026-02-22T08:41:59.089Z,34,15.83,10.27,-90.87,1,7
1771749721189,2026-02-22T08:42:01.189Z,34,-11.34,10.87,72.25,1,7
1771749723289,2026-02-22T08:42:03.289Z,34,11.24,-0.77,82.35,1,7
1771749725389,2026-02-22T08:42:05.389Z,34,8.56,8.38,65.68,1,7
1771749727489,2026-02-22T08:42:07.489Z,34,-3.32,4.72,135.03,1,7
1771749729589,2026-02-22T08:42:09.589Z,34,-37.32,-21.19,-104.04,0,7
1771749731689,2026-02-22T08:42:11.689Z,34,-45.63,26.89,-34.37,0,7
1771749733789,2026-02-22T08:42:13.789Z,34,31.73,-34.14,-88.2,0,7
1771749735889,2026-02-22T08:42:15.889Z,34,-49.45,31.81,88.84,0,7
1771749737989,2026-02-22T08:42:17.989Z,34,-45.36,-39.34,-90.44,0,7
1771749740089,2026-02-22T08:42:20.089Z,34,-49.95,-34.63,66.26,0,7
1771749742189,2026-02-22T08:42:22.189Z,34,-10.15,11.94,26.85,1,7
1771749744289,2026-02-22T08:42:24.289Z,34,-45.75,-28.27,-57.11,0,7
1771749746389,2026-02-22T08:42:26.389Z,34,-43.11,-37.38,-62.96,0,7
1771749748489,2026-02-22T08:42:28.489Z,34,36.09,-37.16,-127.47,0,7
1771749750589,2026-02-22T08:42:30.589Z,34,-46.75,-29.8,161.69,0,7
1771749752689,2026-02-22T08:42:32.689Z,34,25.08,23.17,101.3,0,7
1771749754789,2026-02-22T08:42:34.789Z,34,38.11,-28.27,137.27,0,7
1771749756889,2026-02-22T08:42:36.889Z,34,-7.94,-1.92,-175.04,1,7
1771749758989,2026-02-22T08:42:38.989Z,34,-39.66,26.06,-99.25,0,7
1771749706489,2026-02-22T08:41:46.489Z,35,29.01,-28.76,-131.94,0,4
1771749708589,2026-02-22T08:41:48.589Z,35,5.23,-3.0,175.14,1,4
1771749710689,2026-02-22T08:41:50.689Z,35,5.11,-9.24,-83.64,1,4
1771749712789,2026-02-22T08:41:52.789Z,35,-8.83,-10.43,130.32,1,4
1771749714889,2026-02-22T08:41:54.889Z,35,-6.83,-2.5,-157.33,1,4
1771749716989,2026-02-22T08:41:56.989Z,35,-31.03,25.04,-92.05,0,4
1771749719089,2026-02-22T08:41:59.089Z,35,-40.69,-22.98,-172.95,0,4
1771749721189,2026-02-22T08:42:01.189Z,35,9.71,-2.09,-57.13,1,4
1771749723289,2026-02-22T08:42:03.289Z,35,-11.25,6.05,79.52,1,4
1771749725389,2026-02-22T08:42:05.389Z,35,7.06,-5.93,-108.19,1,4
1771749727489,2026-02-22T08:42:07.489Z,35,12.31,2.64,23.05,1,4
1771749729589,2026-02-22T08:42:09.589Z,35,-1.01,-7.9,-91.84,1,4
1771749731689,2026-02-22T08:42:11.689Z,35,-5.9,-0.74,-93.18,1,4
1771749733789,2026-02-22T08:42:13.789Z,35,-9.81,11.9,-174.08,1,4
1771749735889,2026-02-22T08:42:15.889Z,35,2.35,-9.44,-32.14,1,4
1771749737989,2026-02-22T08:42:17.989Z,35,-1.19,0.91,85.9,1,4
1771749740089,2026-02-22T08:42:20.089Z,35,17.63,1.26,78.64,1,4
1771749742189,2026-02-22T08:42:22.189Z,35,-10.28,-3.36,-166.82,1,4
1771749744289,2026-02-22T08:42:24.289Z,35,3.15,-9.87,-79.05,1,4
1771749746389,2026-02-22T08:42:26.389Z,35,-1.81,-7.56,-57.31,1,4
1771749748489,2026-02-22T08:42:28.489Z,35,-13.72,7.94,104.8,1,4
1771749750589,2026-02-22T08:42:30.589Z,35,4.65,6.78,-164.1,1,4
1771749752689,2026-02-22T08:42:32.689Z,35,1.48,4.09,70.51,1,4
1771749754789,2026-02-22T08:42:34.789Z,35,12.31,8.24,-102.11,1,4
1771749756889,2026-02-22T08:42:36.889Z,35,-6.09,-10.69,29.84,1,4
1771749758989,2026-02-22T08:42:38.989Z,35,25.0,38.69,91.2,0,4
1771749761089,2026-02-22T08:42:41.089Z,35,-12.09,6.21,173.05,1,4
1771749763189,2026-02-22T08:42:43.189Z,35,6.02,-7.99,116.03,1,4
1771749765289,2026-02-22T08:42:45.289Z,35,-16.37,-8.34,117.82,1,4
1771749767389,2026-02-22T08:42:47.389Z,35,-7.38,-11.41,-18.19,1,4
1771749769489,2026-02-22T08:42:49.489Z,35,-16.87,5.87,80.66,1,4
1771749771589,2026-02-22T08:42:51.589Z,35,9.24,6.79,120.51,1,4
1771749773689,2026-02-22T08:42:53.689Z,35,6.77,8.67,-122.74,1,4
1771749775789,2026-02-22T08:42:55.789Z,35,-11.83,-12.09,-116.97,1,4
1771749777889,2026-02-22T08:42:57.889Z,35,-2.87,-10.79,-123.29,1,4
1771749706489,2026-02-22T08:41:46.489Z,35,-14.1,-7.04,112.54,1,5
1771749708589,2026-02-22T08:41:48.589Z,35,0.73,1.43,63.77,1,5
1771749710689,2026-02-22T08:41:50.689Z,35,47.16,-36.58,33.94,0,5
1771749712789,2026-02-22T08:41:52.789Z,35,-10.24,-1.32,-118.03,1,5
1771749714889,2026-02-22T08:41:54.889Z,35,-1.98,-4.79,38.26,1,5
1771749716989,2026-02-22T08:41:56.989Z,35,10.74,8.73,-109.34,1,5
1771749719089,2026-02-22T08:41:59.089Z,35,9.81,-0.91,-147.23,1,5
1771749721189,2026-02-22T08:42:01.189Z,35,10.68,-9.7,-160.63,1,5
1771749723289,2026-02-22T08:42:03.289Z,35,1.21,9.29,21.62,1,5
1771749725389,2026-02-22T08:42:05.389Z,35,5.39,5.52,114.01,1,5
1771749727489,2026-02-22T08:42:07.489Z,35,-11.53,9.77,107.62,1,5
1771749729589,2026-02-22T08:42:09.589Z,35,-16.17,9.32,15.72,1,5
1771749731689,2026-02-22T08:42:11.689Z,35,1.4,-10.83,9.03,1,5
1771749733789,2026-02-22T08:42:13.789Z,35,-8.6,1.27,118.12,1,5
1771749735889,2026-02-22T08:42:15.889Z,35,-0.34,8.79,-129.7,1,5
1771749737989,2026-02-22T08:42:17.989Z,35,7.16,-10.68,-126.78,1,5
1771749740089,2026-02-22T08:42:20.089Z,35,-2.8,3.48,-151.14,1,5
1771749742189,2026-02-22T08:42:22.189Z,35,-1.41,4.71,177.39,1,5
1771749744289,2026-02-22T08:42:24.289Z,35,-16.81,-12.7,-170.16,1,5
1771749746389,2026-02-22T08:42:26.389Z,35,-17.13,8.05,-169.07,1,5
1771749748489,2026-02-22T08:42:28.489Z,35,9.27,8.01,30.9,1,5
1771749750589,2026-02-22T08:42:30.589Z,35,-11.14,11.78,-144.63,1,5
1771749706489,2026-02-22T08:41:46.489Z,35,4.71,12.18,-170.7,1,6
1771749708589,2026-02-22T08:41:48.589Z,35,-5.28,-3.14,-138.54,1,6
1771749710689,2026-02-22T08:41:50.689Z,35,43.81,23.19,16.48,0,6
1771749712789,2026-02-22T08:41:52.789Z,35,6.05,1.04,-76.61,1,6
1771749714889,2026-02-22T08:41:54.889Z,35,9.65,-9.08,116.77,1,6
1771749716989,2026-02-22T08:41:56.989Z,35,4.38,-11.9,-43.4,1,6
1771749719089,2026-02-22T08:41:59.089Z,35,-2.35,-12.32,35.72,1,6
1771749721189,2026-02-22T08:42:01.189Z,35,-8.59,-6.61,-55.67,1,6
1771749723289,2026-02-22T08:42:03.289Z,35,-4.99,0.41,10.81,1,6
1771749725389,2026-02-22T08:42:05.389Z,35,2.27,-6.87,-126.26,1,6
1771749727489,2026-02-22T08:42:07.489Z,35,-9.8,-4.64,58.08,1,6
1771749729589,2026-02-22T08:42:09.589Z,35,11.58,7.41,-44.88,1,6
1771749731689,2026-02-22T08:42:11.689Z,35,7.71,3.25,-160.91,1,6
1771749733789,2026-02-22T08:42:13.789Z,35,-3.23,9.26,20.97,1,6
1771749735889,2026-02-22T08:42:15.889Z,35,10.31,-12.56,44.78,1,6
1771749737989,2026-02-22T08:42:17.989Z,35,15.79,11.04,-113.48,1,6
1771749740089,2026-02-22T08:42:20.089Z,35,-8.36,-11.78,-135.93,1,6
1771749742189,2026-02-22T08:42:22.189Z,35,12.06,-9.77,20.09,1,6
1771749744289,2026-02-22T08:42:24.289Z,35,-17.82,3.27,-86.88,1,6
1771749746389,2026-02-22T08:42:26.389Z,35,-38.69,29.97,155.12,0,6
1771749748489,2026-02-22T08:42:28.489Z,35,-4.39,6.86,10.2,1,6
1771749750589,2026-02-22T08:42:30.589Z,35,-8.36,-8.97,-156.41,1,6
1771749752689,2026-02-22T08:42:32.689Z,35,4.29,-5.33,-118.49,1,6
1771749754789,2026-02-22T08:42:34.789Z,35,6.1,5.99,-33.25,1,6
1771749756889,2026-02-22T08:42:36.889Z,35,-9.26,-2.09,78.12,1,6
1771749758989,2026-02-22T08:42:38.989Z,35,8.11,0.74,-103.01,1,6
1771749761089,2026-02-22T08:42:41.089Z,35,10.02,-10.86,134.44,1,6
1771749763189,2026-02-22T08:42:43.189Z,35,-7.5,12.54,-39.64,1,6
1771749765289,2026-02-22T08:42:45.289Z,35,9.01,6.7,131.86,1,6
1771749767389,2026-02-22T08:42:47.389Z,35,-3.48,-7.04,63.27,1,6
1771749769489,2026-02-22T08:42:49.489Z,35,6.59,-5.36,165.32,1,6
1771749706489,2026-02-22T08:41:46.489Z,35,-14.95,-3.19,-31.97,1,7
1771749708589,2026-02-22T08:41:48.589Z,35,-7.54,1.97,113.3,1,7
1771749710689,2026-02-22T08:41:50.689Z,35,15.05,7.07,83.08,1,7
1771749712789,2026-02-22T08:41:52.789Z,35,2.02,0.03,-115.76,1,7
1771749714889,2026-02-22T08:41:54.889Z,35,43.14,-29.31,119.43,0,7
1771749716989,2026-02-22T08:41:56.989Z,35,6.78,-12.02,67.26,1,7
1771749719089,2026-02-22T08:41:59.089Z,35,12.71,-6.79,149.93,1,7
1771749721189,2026-02-22T08:42:01.189Z,35,9.54,-3.77,118.27,1,7
1771749723289,2026-02-22T08:42:03.289Z,35,-6.66,5.43,-37.9,1,7
1771749725389,2026-02-22T08:42:05.389Z,35,-12.91,-10.34,-145.95,1,7
1771749727489,2026-02-22T08:42:07.489Z,35,0.94,5.75,103.45,1,7
1771749729589,2026-02-22T08:42:09.589Z,35,3.83,-7.84,33.59,1,7
1771749731689,2026-02-22T08:42:11.689Z,35,-10.87,-7.36,-34.2,1,7
1771749733789,2026-02-22T08:42:13.789Z,35,-9.87,9.94,127.73,1,7
1771749735889,2026-02-22T08:42:15.889Z,35,16.42,10.87,40.28,1,7
1771749737989,2026-02-22T08:42:17.989Z,35,9.3,-4.49,-39.84,1,7
1771749740089,2026-02-22T08:42:20.089Z,35,0.02,-2.41,18.92,1,7
1771749742189,2026-02-22T08:42:22.189Z,35,-25.27,-24.17,-170.44,0,7
1771749744289,2026-02-22T08:42:24.289Z,35,-33.36,22.24,-133.95,0,7
1771749746389,2026-02-22T08:42:26.389Z,35,15.28,-6.65,-44.18,1,7
1771749748489,2026-02-22T08:42:28.489Z,35,7.3,-6.14,-77.89,1,7
1771749750589,2026-02-22T08:42:30.589Z,35,-49.01,38.33,137.62,0,7
1771749752689,2026-02-22T08:42:32.689Z,35,-3.9,2.85,-55.51,1,7
1771749754789,2026-02-22T08:42:34.789Z,35,-32.78,-36.17,133.5,0,7
1771749756889,2026-02-22T08:42:36.889Z,35,2.7,-10.17,-74.79,1,7
1771749758989,2026-02-22T08:42:38.989Z,35,1.08,-4.08,-170.5,1,7
1771749761089,2026-02-22T08:42:41.089Z,35,17.89,-7.94,113.38,1,7
1771749763189,2026-02-22T08:42:43.189Z,35,-10.24,2.65,-126.76,1,7
1771749765289,2026-02-22T08:42:45.289Z,35,-8.1,-4.22,-152.37,1,7
1771749767389,2026-02-22T08:42:47.389Z,35,-16.69,6.4,83.06,1,7
1771749769489,2026-02-22T08:42:49.489Z,35,1.3,11.46,-164.57,1,7
1771749771589,2026-02-22T08:42:51.589Z,35,-17.23,7.59,-94.45,1,7
1771749773689,2026-02-22T08:42:53.689Z,35,35.88,-30.39,-145.45,0,7
1771749775789,2026-02-22T08:42:55.789Z,35,-2.65,9.01,157.98,1,7
1771749777889,2026-02-22T08:42:57.889Z,35,-38.01,-27.23,-36.78,0,7
1771749779989,2026-02-22T08:42:59.989Z,35,11.45,6.83,-40.94,1,7
1771749782089,2026-02-22T08:43:02.089Z,35,-15.38,11.45,-103.37,1,7
1771749784189,2026-02-22T08:43:04.189Z,35,-31.35,27.12,114.26,0,7
1771749786289,2026-02-22T08:43:06.289Z,35,-11.4,1.87,-5.26,1,7
1771749788389,2026-02-22T08:43:08.389Z,35,44.08,-32.42,174.21,0,7
1771749790489,2026-02-22T08:43:10.489Z,35,43.74,-22.32,-70.56,0,7
1771749792589,2026-02-22T08:43:12.589Z,35,10.58,12.61,100.89,1,7
1771749794689,2026-02-22T08:43:14.689Z,35,-9.45,9.43,148.58,1,7
1771749706489,2026-02-22T08:41:46.489Z,36,-9.59,-3.27,80.59,1,4
1771749708589,2026-02-22T08:41:48.589Z,36,6.01,-1.26,69.83,1,4
1771749710689,2026-02-22T08:41:50.689Z,36,-16.29,-3.43,23.21,1,4
1771749712789,2026-02-22T08:41:52.789Z,36,32.14,-38.7,77.27,0,4
1771749714889,2026-02-22T08:41:54.889Z,36,-8.81,7.99,-34.97,1,4
1771749716989,2026-02-22T08:41:56.989Z,36,2.62,11.51,-28.53,1,4
1771749719089,2026-02-22T08:41:59.089Z,36,11.09,9.61,56.44,1,4
1771749721189,2026-02-22T08:42:01.189Z,36,27.24,22.9,102.07,0,4
1771749723289,2026-02-22T08:42:03.289Z,36,4.92,1.79,-127.1,1,4
1771749725389,2026-02-22T08:42:05.389Z,36,-7.4,7.08,139.44,1,4
1771749727489,2026-02-22T08:42:07.489Z,36,10.52,9.28,163.18,1,4
1771749729589,2026-02-22T08:42:09.589Z,36,-29.62,-25.89,-129.13,0,4
1771749731689,2026-02-22T08:42:11.689Z,36,39.1,-28.16,71.88,0,4
1771749733789,2026-02-22T08:42:13.789Z,36,28.88,-29.14,-29.63,0,4
1771749735889,2026-02-22T08:42:15.889Z,36,29.35,-26.19,159.49,0,4
1771749737989,2026-02-22T08:42:17.989Z,36,-33.14,33.0,143.47,0,4
1771749740089,2026-02-22T08:42:20.089Z,36,5.66,1.59,-173.7,1,4
1771749742189,2026-02-22T08:42:22.189Z,36,45.7,39.2,139.42,0,4
1771749744289,2026-02-22T08:42:24.289Z,36,-12.87,5.07,39.6,1,4
1771749746389,2026-02-22T08:42:26.389Z,36,1.77,9.07,-126.99,1,4
1771749748489,2026-02-22T08:42:28.489Z,36,-5.09,4.59,-23.71,1,4
1771749750589,2026-02-22T08:42:30.589Z,36,10.21,-3.06,-43.81,1,4
1771749752689,2026-02-22T08:42:32.689Z,36,-15.38,8.56,-174.62,1,4
1771749754789,2026-02-22T08:42:34.789Z,36,-2.67,4.47,66.84,1,4
1771749756889,2026-02-22T08:42:36.889Z,36,-11.15,0.74,25.74,1,4
1771749758989,2026-02-22T08:42:38.989Z,36,-31.3,-35.54,-36.48,0,4
1771749761089,2026-02-22T08:42:41.089Z,36,3.15,7.1,125.91,1,4
1771749763189,2026-02-22T08:42:43.189Z,36,14.36,9.22,119.71,1,4
1771749765289,2026-02-22T08:42:45.289Z,36,9.08,-12.97,60.38,1,4
1771749767389,2026-02-22T08:42:47.389Z,36,3.61,10.59,-39.86,1,4
1771749769489,2026-02-22T08:42:49.489Z,36,-45.84,30.08,-152.98,0,4
1771749771589,2026-02-22T08:42:51.589Z,36,11.32,-4.29,169.02,1,4
1771749773689,2026-02-22T08:42:53.689Z,36,-48.63,30.56,40.34,0,4
1771749706489,2026-02-22T08:41:46.489Z,36,4.68,-11.1,85.58,1,5
1771749708589,2026-02-22T08:41:48.589Z,36,-3.32,-8.39,46.63,1,5
1771749710689,2026-02-22T08:41:50.689Z,36,2.97,-1.47,-31.99,1,5
1771749712789,2026-02-22T08:41:52.789Z,36,8.28,-7.27,-79.27,1,5
1771749714889,2026-02-22T08:41:54.889Z,36,-0.17,-1.49,-78.66,1,5
1771749716989,2026-02-22T08:41:56.989Z,36,7.72,-1.33,-129.7,1,5
1771749719089,2026-02-22T08:41:59.089Z,36,13.07,4.46,34.67,1,5
1771749721189,2026-02-22T08:42:01.189Z,36,2.0,-10.61,134.08,1,5
1771749723289,2026-02-22T08:42:03.289Z,36,48.07,-39.64,23.55,0,5
1771749725389,2026-02-22T08:42:05.389Z,36,-44.23,20.45,157.17,0,5
1771749727489,2026-02-22T08:42:07.489Z,36,26.68,-23.97,-16.61,0,5
1771749729589,2026-02-22T08:42:09.589Z,36,-13.22,11.22,-51.16,1,5
1771749731689,2026-02-22T08:42:11.689Z,36,-33.62,22.17,16.09,0,5
1771749733789,2026-02-22T08:42:13.789Z,36,-17.62,9.09,143.68,1,5
1771749735889,2026-02-22T08:42:15.889Z,36,-14.34,2.68,-179.83,1,5
1771749737989,2026-02-22T08:42:17.989Z,36,9.01,-6.81,4.79,1,5
1771749740089,2026-02-22T08:42:20.089Z,36,-36.69,27.52,-111.46,0,5
1771749742189,2026-02-22T08:42:22.189Z,36,14.09,1.17,-69.44,1,5
1771749744289,2026-02-22T08:42:24.289Z,36,-46.61,20.96,131.08,0,5
1771749746389,2026-02-22T08:42:26.389Z,36,-16.45,8.25,-24.78,1,5
1771749748489,2026-02-22T08:42:28.489Z,36,-16.1,-1.25,65.54,1,5
1771749750589,2026-02-22T08:42:30.589Z,36,36.76,-38.55,145.82,0,5
1771749752689,2026-02-22T08:42:32.689Z,36,41.68,-38.3,-152.94,0,5
1771749754789,2026-02-22T08:42:34.789Z,36,-46.95,-22.05,-110.38,0,5
1771749756889,2026-02-22T08:42:36.889Z,36,29.29,34.69,-3.13,0,5
1771749758989,2026-02-22T08:42:38.989Z,36,30.85,37.33,-96.61,0,5
1771749761089,2026-02-22T08:42:41.089Z,36,-46.92,-30.87,178.53,0,5
1771749763189,2026-02-22T08:42:43.189Z,36,-5.82,1.88,-18.13,1,5
1771749706489,2026-02-22T08:41:46.489Z,36,7.89,-1.85,65.07,1,6
1771749708589,2026-02-22T08:41:48.589Z,36,36.96,-28.05,157.75,0,6
1771749710689,2026-02-22T08:41:50.689Z,36,-3.42,7.28,-127.24,1,6
1771749712789,2026-02-22T08:41:52.789Z,36,44.11,30.81,-149.63,0,6
1771749714889,2026-02-22T08:41:54.889Z,36,-30.6,26.56,-122.68,0,6
1771749716989,2026-02-22T08:41:56.989Z,36,25.37,30.78,-18.98,0,6
1771749719089,2026-02-22T08:41:59.089Z,36,-8.46,1.81,83.7,1,6
1771749721189,2026-02-22T08:42:01.189Z,36,9.72,-8.47,173.41,1,6
1771749723289,2026-02-22T08:42:03.289Z,36,2.44,12.19,91.79,1,6
1771749725389,2026-02-22T08:42:05.389Z,36,30.88,35.67,132.51,0,6
1771749727489,2026-02-22T08:42:07.489Z,36,-47.3,-37.02,107.42,0,6
1771749729589,2026-02-22T08:42:09.589Z,36,-41.56,39.5,35.36,0,6
1771749731689,2026-02-22T08:42:11.689Z,36,41.21,37.65,-58.42,0,6
1771749733789,2026-02-22T08:42:13.789Z,36,-41.18,26.94,45.38,0,6
1771749735889,2026-02-22T08:42:15.889Z,36,16.65,6.53,-167.11,1,6
1771749737989,2026-02-22T08:42:17.989Z,36,-33.92,-24.71,15.83,0,6
1771749740089,2026-02-22T08:42:20.089Z,36,-0.81,1.02,169.96,1,6
1771749742189,2026-02-22T08:42:22.189Z,36,15.62,-1.25,-43.04,1,6
1771749744289,2026-02-22T08:42:24.289Z,36,4.1,5.7,58.93,1,6
1771749746389,2026-02-22T08:42:26.389Z,36,3.98,-0.2,15.11,1,6
1771749748489,2026-02-22T08:42:28.489Z,36,37.65,-36.74,-133.38,0,6
1771749750589,2026-02-22T08:42:30.589Z,36,-10.94,12.85,-166.26,1,6
1771749752689,2026-02-22T08:42:32.689Z,36,42.04,-27.97,-112.95,0,6
1771749754789,2026-02-22T08:42:34.789Z,36,-34.22,37.66,58.89,0,6
1771749756889,2026-02-22T08:42:36.889Z,36,34.52,33.71,24.91,0,6
1771749758989,2026-02-22T08:42:38.989Z,36,-13.51,-5.73,15.04,1,6
1771749761089,2026-02-22T08:42:41.089Z,36,46.31,25.02,156.32,0,6
1771749763189,2026-02-22T08:42:43.189Z,36,3.37,-7.9,-52.91,1,6
1771749765289,2026-02-22T08:42:45.289Z,36,29.64,-32.68,-132.08,0,6
1771749767389,2026-02-22T08:42:47.389Z,36,2.74,-6.0,-39.1,1,6
1771749769489,2026-02-22T08:42:49.489Z,36,-38.65,-26.8,-120.81,0,6
1771749771589,2026-02-22T08:42:51.589Z,36,6.5,-4.48,11.89,1,6
1771749773689,2026-02-22T08:42:53.689Z,36,17.62,-0.43,149.02,1,6
1771749775789,2026-02-22T08:42:55.789Z,36,-11.96,1.96,-34.69,1,6
1771749777889,2026-02-22T08:42:57.889Z,36,13.26,-7.22,10.71,1,6
1771749779989,2026-02-22T08:42:59.989Z,36,27.56,-31.2,-39.16,0,6
1771749782089,2026-02-22T08:43:02.089Z,36,16.26,-0.27,-85.37,1,6
1771749784189,2026-02-22T08:43:04.189Z,36,12.6,-4.57,39.56,1,6
1771749786289,2026-02-22T08:43:06.289Z,36,45.62,-20.15,-69.62,0,6
1771749788389,2026-02-22T08:43:08.389Z,36,-48.16,-38.28,35.64,0,6
1771749790489,2026-02-22T08:43:10.489Z,36,-10.83,8.66,-59.9,1,6
1771749792589,2026-02-22T08:43:12.589Z,36,10.56,-10.76,-48.88,1,6
1771749706489,2026-02-22T08:41:46.489Z,36,-6.29,-1.2,-62.36,1,7
1771749708589,2026-02-22T08:41:48.589Z,36,-14.14,5.95,-48.2,1,7
1771749710689,2026-02-22T08:41:50.689Z,36,36.9,-24.76,-26.55,0,7
1771749712789,2026-02-22T08:41:52.789Z,36,-25.4,39.05,-126.11,0,7
1771749714889,2026-02-22T08:41:54.889Z,36,-32.09,-20.7,-52.61,0,7
1771749716989,2026-02-22T08:41:56.989Z,36,4.17,11.65,-136.08,1,7
1771749719089,2026-02-22T08:41:59.089Z,36,39.04,-35.16,-177.58,0,7
1771749721189,2026-02-22T08:42:01.189Z,36,-9.54,0.37,20.81,1,7
1771749723289,2026-02-22T08:42:03.289Z,36,29.07,-38.7,20.67,0,7
1771749725389,2026-02-22T08:42:05.389Z,36,35.4,37.28,30.08,0,7
1771749727489,2026-02-22T08:42:07.489Z,36,9.15,1.01,-79.37,1,7
1771749729589,2026-02-22T08:42:09.589Z,36,-37.32,30.2,173.94,0,7
1771749731689,2026-02-22T08:42:11.689Z,36,38.53,34.66,-28.09,0,7
1771749733789,2026-02-22T08:42:13.789Z,36,13.2,7.48,122.97,1,7
1771749735889,2026-02-22T08:42:15.889Z,36,0.07,-5.08,41.18,1,7
1771749737989,2026-02-22T08:42:17.989Z,36,-15.01,5.02,174.74,1,7
1771749740089,2026-02-22T08:42:20.089Z,36,15.57,-12.84,-165.82,1,7
1771749742189,2026-02-22T08:42:22.189Z,36,-6.95,3.62,31.08,1,7
1771749744289,2026-02-22T08:42:24.289Z,36,-48.96,-32.85,117.29,0,7
1771749746389,2026-02-22T08:42:26.389Z,36,-44.98,21.38,-177.99,0,7
1771749748489,2026-02-22T08:42:28.489Z,36,-16.78,-7.69,47.88,1,7
1771749750589,2026-02-22T08:42:30.589Z,36,-42.05,26.07,126.4,0,7
1771749752689,2026-02-22T08:42:32.689Z,36,34.65,22.88,166.71,0,7
1771749754789,2026-02-22T08:42:34.789Z,36,-35.58,34.39,-74.64,0,7
1771749756889,2026-02-22T08:42:36.889Z,36,8.89,-9.63,124.55,1,7
1771749758989,2026-02-22T08:42:38.989Z,36,-47.98,24.18,165.13,0,7
1771749761089,2026-02-22T08:42:41.089Z,36,-42.69,-34.74,-111.45,0,7
1771749763189,2026-02-22T08:42:43.189Z,36,-10.79,-9.28,122.82,1,7
1771749765289,2026-02-22T08:42:45.289Z,36,-7.02,-10.59,-44.22,1,7
1771749767389,2026-02-22T08:42:47.389Z,36,-14.77,-6.64,-85.54,1,7
1771749769489,2026-02-22T08:42:49.489Z,36,7.83,-0.96,-171.28,1,7
1771749771589,2026-02-22T08:42:51.589Z,36,-1.02,0.49,-148.65,1,7
1771749706489,2026-02-22T08:41:46.489Z,37,-6.45,6.42,-49.25,1,4
1771749708589,2026-02-22T08:41:48.589Z,37,28.39,-37.25,159.17,0,4
1771749710689,2026-02-22T08:41:50.689Z,37,4.27,0.28,99.19,1,4
1771749712789,2026-02-22T08:41:52.789Z,37,34.56,-34.59,-38.7,0,4
1771749714889,2026-02-22T08:41:54.889Z,37,-42.96,-32.91,-116.8,0,4
1771749716989,2026-02-22T08:41:56.989Z,37,-10.26,-1.48,78.19,1,4
1771749719089,2026-02-22T08:41:59.089Z,37,2.32,2.15,-112.99,1,4
1771749721189,2026-02-22T08:42:01.189Z,37,-33.15,-23.1,163.87,0,4
1771749723289,2026-02-22T08:42:03.289Z,37,-43.52,-39.11,83.81,0,4
1771749725389,2026-02-22T08:42:05.389Z,37,-41.01,-31.06,-128.21,0,4
1771749727489,2026-02-22T08:42:07.489Z,37,41.33,-35.79,128.05,0,4
1771749729589,2026-02-22T08:42:09.589Z,37,38.9,25.34,-136.02,0,4
1771749731689,2026-02-22T08:42:11.689Z,37,43.43,24.38,110.97,0,4
1771749733789,2026-02-22T08:42:13.789Z,37,15.91,1.85,-86.03,1,4
1771749735889,2026-02-22T08:42:15.889Z,37,11.19,7.15,40.04,1,4
1771749737989,2026-02-22T08:42:17.989Z,37,-47.33,20.05,25.58,0,4
1771749740089,2026-02-22T08:42:20.089Z,37,-12.16,-4.39,60.02,1,4
1771749742189,2026-02-22T08:42:22.189Z,37,42.97,-29.81,142.34,0,4
1771749744289,2026-02-22T08:42:24.289Z,37,2.86,1.52,149.39,1,4
1771749746389,2026-02-22T08:42:26.389Z,37,-12.63,8.12,90.99,1,4
1771749748489,2026-02-22T08:42:28.489Z,37,10.56,-2.67,104.61,1,4
1771749750589,2026-02-22T08:42:30.589Z,37,-29.33,-25.31,19.52,0,4
1771749752689,2026-02-22T08:42:32.689Z,37,37.97,26.99,-104.19,0,4
1771749754789,2026-02-22T08:42:34.789Z,37,41.68,23.69,49.47,0,4
1771749756889,2026-02-22T08:42:36.889Z,37,-15.81,8.78,90.22,1,4
1771749758989,2026-02-22T08:42:38.989Z,37,-30.05,39.56,-94.94,0,4
1771749761089,2026-02-22T08:42:41.089Z,37,-15.05,1.89,105.93,1,4
1771749763189,2026-02-22T08:42:43.189Z,37,-1.43,-3.98,133.86,1,4
1771749765289,2026-02-22T08:42:45.289Z,37,-25.57,-32.86,-119.71,0,4
1771749767389,2026-02-22T08:42:47.389Z,37,41.6,-26.06,-7.93,0,4
1771749769489,2026-02-22T08:42:49.489Z,37,-26.42,-38.23,27.56,0,4
1771749706489,2026-02-22T08:41:46.489Z,37,6.72,-0.0,39.13,1,5
1771749708589,2026-02-22T08:41:48.589Z,37,-3.68,3.47,83.43,1,5
1771749710689,2026-02-22T08:41:50.689Z,37,-12.33,9.54,152.64,1,5
1771749712789,2026-02-22T08:41:52.789Z,37,36.66,-21.07,38.1,0,5
1771749714889,2026-02-22T08:41:54.889Z,37,-27.9,28.05,-133.38,0,5
1771749716989,2026-02-22T08:41:56.989Z,37,-13.65,5.76,-19.26,1,5
1771749719089,2026-02-22T08:41:59.089Z,37,48.31,-38.51,88.84,0,5
1771749721189,2026-02-22T08:42:01.189Z,37,-7.43,-8.0,-43.1,1,5
1771749723289,2026-02-22T08:42:03.289Z,37,-17.52,-8.35,54.23,1,5
1771749725389,2026-02-22T08:42:05.389Z,37,44.42,-22.99,102.6,0,5
1771749727489,2026-02-22T08:42:07.489Z,37,-14.76,-12.41,21.02,1,5
1771749729589,2026-02-22T08:42:09.589Z,37,0.89,10.97,129.54,1,5
1771749731689,2026-02-22T08:42:11.689Z,37,-6.24,-9.5,34.68,1,5
1771749733789,2026-02-22T08:42:13.789Z,37,-17.38,8.4,-110.28,1,5
1771749735889,2026-02-22T08:42:15.889Z,37,43.04,-36.21,84.95,0,5
1771749737989,2026-02-22T08:42:17.989Z,37,15.51,5.61,24.79,1,5
1771749740089,2026-02-22T08:42:20.089Z,37,10.05,2.17,116.46,1,5
1771749742189,2026-02-22T08:42:22.189Z,37,-49.22,-22.84,-111.33,0,5
1771749744289,2026-02-22T08:42:24.289Z,37,38.49,26.14,152.65,0,5
1771749746389,2026-02-22T08:42:26.389Z,37,-17.03,11.48,139.72,1,5
1771749748489,2026-02-22T08:42:28.489Z,37,-28.52,38.6,-27.91,0,5
1771749750589,2026-02-22T08:42:30.589Z,37,-12.17,-7.0,-1.85,1,5
1771749752689,2026-02-22T08:42:32.689Z,37,3.57,-11.4,78.78,1,5
1771749754789,2026-02-22T08:42:34.789Z,37,35.65,-28.25,-133.2,0,5
1771749756889,2026-02-22T08:42:36.889Z,37,-33.56,39.06,-122.9,0,5
1771749758989,2026-02-22T08:42:38.989Z,37,-30.55,20.65,-158.89,0,5
1771749761089,2026-02-22T08:42:41.089Z,37,-4.93,10.53,164.37,1,5
1771749763189,2026-02-22T08:42:43.189Z,37,9.66,-1.26,-27.65,1,5
1771749765289,2026-02-22T08:42:45.289Z,37,-34.27,27.44,-26.94,0,5
1771749767389,2026-02-22T08:42:47.389Z,37,-9.14,-0.53,-141.69,1,5
1771749769489,2026-02-22T08:42:49.489Z,37,36.54,-22.21,19.78,0,5
1771749771589,2026-02-22T08:42:51.589Z,37,-25.97,-36.12,85.21,0,5
1771749773689,2026-02-22T08:42:53.689Z,37,-9.73,-1.32,-80.58,1,5
1771749775789,2026-02-22T08:42:55.789Z,37,29.05,-30.89,6.07,0,5
1771749777889,2026-02-22T08:42:57.889Z,37,36.19,-31.85,132.64,0,5
1771749706489,2026-02-22T08:41:46.489Z,37,-10.96,-11.9,-16.93,1,6
1771749708589,2026-02-22T08:41:48.589Z,37,-1.37,-7.04,-151.31,1,6
1771749710689,2026-02-22T08:41:50.689Z,37,13.33,-3.61,11.05,1,6
1771749712789,2026-02-22T08:41:52.789Z,37,-7.19,7.83,-117.01,1,6
1771749714889,2026-02-22T08:41:54.889Z,37,-25.44,23.63,11.41,0,6
1771749716989,2026-02-22T08:41:56.989Z,37,-5.21,-1.93,-25.39,1,6
1771749719089,2026-02-22T08:41:59.089Z,37,-16.93,-9.87,-178.03,1,6
1771749721189,2026-02-22T08:42:01.189Z,37,6.16,9.68,-107.87,1,6
1771749723289,2026-02-22T08:42:03.289Z,37,11.61,10.91,-21.79,1,6
1771749725389,2026-02-22T08:42:05.389Z,37,-2.25,-2.77,116.35,1,6
1771749727489,2026-02-22T08:42:07.489Z,37,3.07,0.64,119.05,1,6
1771749729589,2026-02-22T08:42:09.589Z,37,25.47,-39.6,-34.93,0,6
1771749731689,2026-02-22T08:42:11.689Z,37,-6.82,-4.41,32.15,1,6
1771749733789,2026-02-22T08:42:13.789Z,37,-26.26,33.33,-135.24,0,6
1771749735889,2026-02-22T08:42:15.889Z,37,-17.29,4.03,30.8,1,6
1771749737989,2026-02-22T08:42:17.989Z,37,15.89,-11.23,77.36,1,6
1771749740089,2026-02-22T08:42:20.089Z,37,39.35,24.99,179.09,0,6
1771749742189,2026-02-22T08:42:22.189Z,37,10.24,-11.9,39.8,1,6
1771749744289,2026-02-22T08:42:24.289Z,37,11.08,-5.26,118.85,1,6
1771749746389,2026-02-22T08:42:26.389Z,37,44.58,32.78,53.29,0,6
1771749748489,2026-02-22T08:42:28.489Z,37,3.25,4.81,112.92,1,6
1771749706489,2026-02-22T08:41:46.489Z,37,27.55,39.11,-126.56,0,7
1771749708589,2026-02-22T08:41:48.589Z,37,16.29,-0.39,25.57,1,7
1771749710689,2026-02-22T08:41:50.689Z,37,11.91,6.82,-22.72,1,7
1771749712789,2026-02-22T08:41:52.789Z,37,6.8,0.4,32.75,1,7
1771749714889,2026-02-22T08:41:54.889Z,37,2.46,-10.04,39.8,1,7
1771749716989,2026-02-22T08:41:56.989Z,37,-42.79,23.3,-24.92,0,7
1771749719089,2026-02-22T08:41:59.089Z,37,-25.66,21.02,-14.13,0,7
1771749721189,2026-02-22T08:42:01.189Z,37,-27.64,21.1,-122.99,0,7
1771749723289,2026-02-22T08:42:03.289Z,37,-40.77,21.9,155.12,0,7
1771749725389,2026-02-22T08:42:05.389Z,37,-30.88,38.02,143.08,0,7
1771749727489,2026-02-22T08:42:07.489Z,37,-2.0,-12.42,121.06,1,7
1771749729589,2026-02-22T08:42:09.589Z,37,3.16,-5.47,58.14,1,7
1771749731689,2026-02-22T08:42:11.689Z,37,11.53,-11.16,16.78,1,7
1771749733789,2026-02-22T08:42:13.789Z,37,-8.64,0.91,-122.14,1,7
1771749735889,2026-02-22T08:42:15.889Z,37,16.08,9.97,7.9,1,7
1771749737989,2026-02-22T08:42:17.989Z,37,-39.28,39.45,-45.43,0,7
1771749740089,2026-02-22T08:42:20.089Z,37,-26.54,-25.19,-163.14,0,7
1771749742189,2026-02-22T08:42:22.189Z,37,-0.96,-10.56,123.33,1,7
1771749744289,2026-02-22T08:42:24.289Z,37,39.09,31.91,-147.06,0,7
1771749746389,2026-02-22T08:42:26.389Z,37,-48.35,33.49,32.55,0,7
1771749748489,2026-02-22T08:42:28.489Z,37,38.99,-29.27,90.78,0,7
1771749750589,2026-02-22T08:42:30.589Z,37,41.61,-25.34,31.98,0,7
1771749752689,2026-02-22T08:42:32.689Z,37,-13.76,10.52,-148.16,1,7
1771749754789,2026-02-22T08:42:34.789Z,37,-33.87,-29.89,18.67,0,7
1771749756889,2026-02-22T08:42:36.889Z,37,-0.45,4.53,111.05,1,7
1771749758989,2026-02-22T08:42:38.989Z,37,-33.33,27.08,100.45,0,7
1771749761089,2026-02-22T08:42:41.089Z,37,10.72,7.93,61.21,1,7
1771749763189,2026-02-22T08:42:43.189Z,37,-7.46,-11.83,37.71,1,7
1771749765289,2026-02-22T08:42:45.289Z,37,5.03,8.71,-44.53,1,7
1771749767389,2026-02-22T08:42:47.389Z,37,48.39,20.51,-16.9,0,7
1771749769489,2026-02-22T08:42:49.489Z,37,-15.67,-12.7,21.9,1,7
1771749771589,2026-02-22T08:42:51.589Z,37,-12.88,12.51,-51.99,1,7
1771749706489,2026-02-22T08:41:46.489Z,38,1.68,-12.99,168.36,1,4
1771749708589,2026-02-22T08:41:48.589Z,38,-31.65,30.65,0.65,0,4
1771749710689,2026-02-22T08:41:50.689Z,38,28.44,27.9,-125.52,0,4
1771749712789,2026-02-22T08:41:52.789Z,38,40.05,-28.5,44.37,0,4
1771749714889,2026-02-22T08:41:54.889Z,38,-7.2,-7.42,118.69,1,4
1771749716989,2026-02-22T08:41:56.989Z,38,-33.94,-39.97,134.33,0,4
1771749719089,2026-02-22T08:41:59.089Z,38,-30.82,34.39,142.0,0,4
1771749721189,2026-02-22T08:42:01.189Z,38,17.32,-11.86,-88.38,1,4
1771749723289,2026-02-22T08:42:03.289Z,38,-35.02,-38.2,-50.29,0,4
1771749725389,2026-02-22T08:42:05.389Z,38,37.39,22.49,-144.95,0,4
1771749727489,2026-02-22T08:42:07.489Z,38,-16.86,-7.98,-75.91,1,4
1771749729589,2026-02-22T08:42:09.589Z,38,2.42,-2.55,-157.26,1,4
1771749731689,2026-02-22T08:42:11.689Z,38,47.41,-35.45,-134.36,0,4
1771749733789,2026-02-22T08:42:13.789Z,38,1.38,6.58,46.98,1,4
1771749735889,2026-02-22T08:42:15.889Z,38,-46.66,36.67,-127.63,0,4
1771749737989,2026-02-22T08:42:17.989Z,38,-2.06,-2.24,125.2,1,4
1771749740089,2026-02-22T08:42:20.089Z,38,-9.85,-4.51,-113.51,1,4
1771749742189,2026-02-22T08:42:22.189Z,38,-4.44,-6.11,-28.01,1,4
1771749744289,2026-02-22T08:42:24.289Z,38,-42.47,33.93,17.84,0,4
1771749746389,2026-02-22T08:42:26.389Z,38,0.24,1.75,67.93,1,4
1771749748489,2026-02-22T08:42:28.489Z,38,33.51,39.58,109.29,0,4
1771749750589,2026-02-22T08:42:30.589Z,38,-13.53,-9.5,35.68,1,4
1771749752689,2026-02-22T08:42:32.689Z,38,12.41,7.31,178.09,1,4
1771749754789,2026-02-22T08:42:34.789Z,38,15.43,10.12,-163.98,1,4
1771749756889,2026-02-22T08:42:36.889Z,38,-0.92,-2.02,82.15,1,4
1771749758989,2026-02-22T08:42:38.989Z,38,3.46,6.57,19.89,1,4
1771749761089,2026-02-22T08:42:41.089Z,38,-2.84,-6.54,171.31,1,4
1771749763189,2026-02-22T08:42:43.189Z,38,-37.87,26.55,35.82,0,4
1771749765289,2026-02-22T08:42:45.289Z,38,-17.72,-12.36,56.18,1,4
1771749767389,2026-02-22T08:42:47.389Z,38,-32.47,23.58,-74.41,0,4
1771749769489,2026-02-22T08:42:49.489Z,38,-4.5,9.49,102.79,1,4
1771749771589,2026-02-22T08:42:51.589Z,38,35.78,21.0,104.1,0,4
1771749773689,2026-02-22T08:42:53.689Z,38,-17.48,7.55,-68.13,1,4
1771749706489,2026-02-22T08:41:46.489Z,38,43.91,30.75,-169.49,0,5
1771749708589,2026-02-22T08:41:48.589Z,38,44.2,-23.85,2.31,0,5
1771749710689,2026-02-22T08:41:50.689Z,38,28.27,25.16,-34.4,0,5
1771749712789,2026-02-22T08:41:52.789Z,38,-13.29,3.47,97.35,1,5
1771749714889,2026-02-22T08:41:54.889Z,38,-7.59,-10.18,47.74,1,5
1771749716989,2026-02-22T08:41:56.989Z,38,30.72,-20.18,155.49,0,5
1771749719089,2026-02-22T08:41:59.089Z,38,-27.96,-25.88,166.78,0,5
1771749721189,2026-02-22T08:42:01.189Z,38,49.11,33.88,-9.38,0,5
1771749723289,2026-02-22T08:42:03.289Z,38,9.5,2.95,-39.55,1,5
1771749725389,2026-02-22T08:42:05.389Z,38,-11.63,5.44,-144.03,1,5
1771749727489,2026-02-22T08:42:07.489Z,38,17.01,0.09,164.36,1,5
1771749729589,2026-02-22T08:42:09.589Z,38,49.83,-35.21,172.59,0,5
1771749731689,2026-02-22T08:42:11.689Z,38,-0.91,0.42,-37.41,1,5
1771749733789,2026-02-22T08:42:13.789Z,38,-29.9,-23.46,34.39,0,5
1771749735889,2026-02-22T08:42:15.889Z,38,48.27,-38.62,-81.65,0,5
1771749737989,2026-02-22T08:42:17.989Z,38,7.86,7.61,126.99,1,5
1771749740089,2026-02-22T08:42:20.089Z,38,26.9,-38.39,-160.75,0,5
1771749742189,2026-02-22T08:42:22.189Z,38,-43.39,26.84,-25.17,0,5
1771749744289,2026-02-22T08:42:24.289Z,38,46.66,-29.22,-53.87,0,5
1771749746389,2026-02-22T08:42:26.389Z,38,-34.21,38.96,-117.06,0,5
1771749748489,2026-02-22T08:42:28.489Z,38,6.18,5.06,-96.28,1,5
1771749750589,2026-02-22T08:42:30.589Z,38,-8.88,7.72,172.78,1,5
1771749752689,2026-02-22T08:42:32.689Z,38,-16.87,11.56,-88.39,1,5
1771749754789,2026-02-22T08:42:34.789Z,38,41.31,34.8,133.15,0,5
1771749756889,2026-02-22T08:42:36.889Z,38,-27.79,-23.08,76.65,0,5
1771749758989,2026-02-22T08:42:38.989Z,38,42.05,-29.02,144.42,0,5
1771749761089,2026-02-22T08:42:41.089Z,38,-10.57,4.28,52.22,1,5
1771749763189,2026-02-22T08:42:43.189Z,38,-37.23,-23.83,119.74,0,5
1771749765289,2026-02-22T08:42:45.289Z,38,-45.49,27.07,-175.46,0,5
1771749767389,2026-02-22T08:42:47.389Z,38,-40.17,39.25,117.61,0,5
1771749769489,2026-02-22T08:42:49.489Z,38,7.73,-7.95,-40.82,1,5
1771749771589,2026-02-22T08:42:51.589Z,38,-33.12,-25.34,141.77,0,5
1771749773689,2026-02-22T08:42:53.689Z,38,-9.74,-5.05,-167.12,1,5
1771749706489,2026-02-22T08:41:46.489Z,38,-42.88,28.81,1.86,0,6
1771749708589,2026-02-22T08:41:48.589Z,38,-15.59,-1.95,176.0,1,6
1771749710689,2026-02-22T08:41:50.689Z,38,-8.84,4.42,-50.59,1,6
1771749712789,2026-02-22T08:41:52.789Z,38,-16.07,0.83,115.0,1,6
1771749714889,2026-02-22T08:41:54.889Z,38,-36.88,-29.01,102.34,0,6
1771749716989,2026-02-22T08:41:56.989Z,38,5.1,3.92,147.73,1,6
1771749719089,2026-02-22T08:41:59.089Z,38,31.02,-22.94,-15.66,0,6
1771749721189,2026-02-22T08:42:01.189Z,38,5.8,9.73,84.72,1,6
1771749723289,2026-02-22T08:42:03.289Z,38,49.7,-37.7,95.16,0,6
1771749725389,2026-02-22T08:42:05.389Z,38,-6.98,12.62,-6.75,1,6
1771749727489,2026-02-22T08:42:07.489Z,38,27.62,33.62,-88.63,0,6
1771749729589,2026-02-22T08:42:09.589Z,38,11.17,9.41,175.14,1,6
1771749731689,2026-02-22T08:42:11.689Z,38,16.69,5.47,-116.99,1,6
1771749733789,2026-02-22T08:42:13.789Z,38,-10.67,1.48,-98.5,1,6
1771749735889,2026-02-22T08:42:15.889Z,38,0.77,-6.81,105.25,1,6
1771749737989,2026-02-22T08:42:17.989Z,38,-13.94,3.8,17.89,1,6
1771749740089,2026-02-22T08:42:20.089Z,38,15.12,-8.91,137.36,1,6
1771749742189,2026-02-22T08:42:22.189Z,38,-11.79,9.54,152.7,1,6
1771749744289,2026-02-22T08:42:24.289Z,38,-29.19,-20.9,-137.89,0,6
1771749746389,2026-02-22T08:42:26.389Z,38,-11.67,-12.95,-157.31,1,6
1771749748489,2026-02-22T08:42:28.489Z,38,-1.39,-3.14,-163.69,1,6
1771749750589,2026-02-22T08:42:30.589Z,38,12.29,2.52,132.42,1,6
1771749752689,2026-02-22T08:42:32.689Z,38,42.87,-20.22,-149.9,0,6
1771749754789,2026-02-22T08:42:34.789Z,38,-4.58,7.72,-76.05,1,6
1771749756889,2026-02-22T08:42:36.889Z,38,-47.44,38.57,53.96,0,6
1771749758989,2026-02-22T08:42:38.989Z,38,-39.74,-35.72,-80.51,0,6
1771749761089,2026-02-22T08:42:41.089Z,38,-29.87,28.17,173.68,0,6
1771749763189,2026-02-22T08:42:43.189Z,38,6.35,-10.46,-178.69,1,6
1771749765289,2026-02-22T08:42:45.289Z,38,-36.43,38.32,-178.74,0,6
1771749767389,2026-02-22T08:42:47.389Z,38,48.59,28.75,-153.17,0,6
1771749769489,2026-02-22T08:42:49.489Z,38,6.81,-1.67,170.08,1,6
1771749771589,2026-02-22T08:42:51.589Z,38,31.72,-20.26,53.03,0,6
1771749773689,2026-02-22T08:42:53.689Z,38,46.69,-34.08,141.05,0,6
1771749775789,2026-02-22T08:42:55.789Z,38,25.04,30.83,-143.79,0,6
1771749777889,2026-02-22T08:42:57.889Z,38,44.31,20.84,41.46,0,6
1771749779989,2026-02-22T08:42:59.989Z,38,2.22,-7.94,-28.91,1,6
1771749782089,2026-02-22T08:43:02.089Z,38,1.94,-3.17,81.22,1,6
1771749784189,2026-02-22T08:43:04.189Z,38,-3.41,-2.9,-14.72,1,6
1771749786289,2026-02-22T08:43:06.289Z,38,-9.57,-1.73,19.95,1,6
1771749788389,2026-02-22T08:43:08.389Z,38,-36.81,35.63,-153.85,0,6
1771749706489,2026-02-22T08:41:46.489Z,38,3.29,-8.3,-16.73,1,7
1771749708589,2026-02-22T08:41:48.589Z,38,-1.64,-3.2,69.56,1,7
1771749710689,2026-02-22T08:41:50.689Z,38,-17.2,-10.74,-24.62,1,7
1771749712789,2026-02-22T08:41:52.789Z,38,36.36,-27.6,-71.02,0,7
1771749714889,2026-02-22T08:41:54.889Z,38,12.77,6.79,172.94,1,7
1771749716989,2026-02-22T08:41:56.989Z,38,-48.52,27.22,3.78,0,7
1771749719089,2026-02-22T08:41:59.089Z,38,-36.51,25.82,-147.52,0,7
1771749721189,2026-02-22T08:42:01.189Z,38,32.42,-35.68,-145.23,0,7
1771749723289,2026-02-22T08:42:03.289Z,38,-32.01,38.8,-23.13,0,7
1771749725389,2026-02-22T08:42:05.389Z,38,-12.93,11.52,-59.66,1,7
1771749727489,2026-02-22T08:42:07.489Z,38,26.33,34.42,-48.08,0,7
1771749729589,2026-02-22T08:42:09.589Z,38,-45.58,33.62,-45.77,0,7
1771749731689,2026-02-22T08:42:11.689Z,38,-32.97,-20.06,28.07,0,7
1771749733789,2026-02-22T08:42:13.789Z,38,13.31,-0.08,-179.98,1,7
1771749735889,2026-02-22T08:42:15.889Z,38,-26.58,24.39,73.49,0,7
1771749737989,2026-02-22T08:42:17.989Z,38,-8.1,-11.63,-118.2,1,7
1771749740089,2026-02-22T08:42:20.089Z,38,46.19,39.84,1.12,0,7
1771749742189,2026-02-22T08:42:22.189Z,38,47.19,20.1,-147.97,0,7
1771749744289,2026-02-22T08:42:24.289Z,38,-29.02,34.34,-93.47,0,7
1771749746389,2026-02-22T08:42:26.389Z,38,-2.89,-2.87,156.23,1,7
1771749706489,2026-02-22T08:41:46.489Z,39,-15.63,7.44,159.47,1,4
1771749708589,2026-02-22T08:41:48.589Z,39,9.11,-11.47,-138.18,1,4
1771749710689,2026-02-22T08:41:50.689Z,39,-17.96,-8.37,-13.02,1,4
1771749712789,2026-02-22T08:41:52.789Z,39,17.32,4.08,-66.61,1,4
1771749714889,2026-02-22T08:41:54.889Z,39,8.91,-11.87,-49.42,1,4
1771749716989,2026-02-22T08:41:56.989Z,39,26.33,-23.99,-168.18,0,4
1771749719089,2026-02-22T08:41:59.089Z,39,-2.51,-4.84,-174.71,1,4
1771749721189,2026-02-22T08:42:01.189Z,39,47.65,-37.55,26.64,0,4
1771749723289,2026-02-22T08:42:03.289Z,39,7.61,5.18,-98.28,1,4
1771749725389,2026-02-22T08:42:05.389Z,39,10.71,0.57,-31.25,1,4
1771749727489,2026-02-22T08:42:07.489Z,39,-10.32,9.29,-55.94,1,4
1771749729589,2026-02-22T08:42:09.589Z,39,-7.95,-0.72,-138.4,1,4
1771749731689,2026-02-22T08:42:11.689Z,39,-14.83,3.23,79.54,1,4
1771749733789,2026-02-22T08:42:13.789Z,39,30.05,36.22,-150.25,0,4
1771749735889,2026-02-22T08:42:15.889Z,39,8.11,-11.16,-87.19,1,4
1771749737989,2026-02-22T08:42:17.989Z,39,-5.34,1.6,39.88,1,4
1771749740089,2026-02-22T08:42:20.089Z,39,-11.41,-0.82,-73.16,1,4
1771749742189,2026-02-22T08:42:22.189Z,39,35.95,-26.75,150.62,0,4
1771749744289,2026-02-22T08:42:24.289Z,39,-15.82,9.41,172.44,1,4
1771749746389,2026-02-22T08:42:26.389Z,39,8.83,-1.36,31.78,1,4
1771749748489,2026-02-22T08:42:28.489Z,39,7.84,-6.46,-72.15,1,4
1771749750589,2026-02-22T08:42:30.589Z,39,-10.97,-5.11,-116.32,1,4
1771749752689,2026-02-22T08:42:32.689Z,39,-4.23,12.52,146.79,1,4
1771749754789,2026-02-22T08:42:34.789Z,39,35.15,-30.8,-60.89,0,4
1771749756889,2026-02-22T08:42:36.889Z,39,11.39,11.1,73.69,1,4
1771749758989,2026-02-22T08:42:38.989Z,39,-1.84,-4.28,-151.18,1,4
1771749761089,2026-02-22T08:42:41.089Z,39,-30.15,-34.58,-176.5,0,4
1771749763189,2026-02-22T08:42:43.189Z,39,15.73,10.46,-63.16,1,4
1771749765289,2026-02-22T08:42:45.289Z,39,4.64,-4.95,-170.08,1,4
1771749767389,2026-02-22T08:42:47.389Z,39,-47.24,-39.02,178.84,0,4
1771749769489,2026-02-22T08:42:49.489Z,39,0.27,-2.91,36.37,1,4
1771749706489,2026-02-22T08:41:46.489Z,39,-6.17,-5.33,159.27,1,5
1771749708589,2026-02-22T08:41:48.589Z,39,-16.06,5.27,-119.45,1,5
1771749710689,2026-02-22T08:41:50.689Z,39,7.82,-3.36,-95.83,1,5
1771749712789,2026-02-22T08:41:52.789Z,39,42.47,-33.65,179.36,0,5
1771749714889,2026-02-22T08:41:54.889Z,39,-29.56,35.7,144.04,0,5
1771749716989,2026-02-22T08:41:56.989Z,39,16.63,-12.73,129.58,1,5
1771749719089,2026-02-22T08:41:59.089Z,39,7.19,-11.68,-64.98,1,5
1771749721189,2026-02-22T08:42:01.189Z,39,13.06,11.19,146.34,1,5
1771749723289,2026-02-22T08:42:03.289Z,39,10.73,4.85,31.75,1,5
1771749725389,2026-02-22T08:42:05.389Z,39,14.06,-4.17,-22.3,1,5
1771749727489,2026-02-22T08:42:07.489Z,39,12.05,-10.4,-20.54,1,5
1771749729589,2026-02-22T08:42:09.589Z,39,-13.35,2.47,-162.17,1,5
1771749731689,2026-02-22T08:42:11.689Z,39,8.75,4.53,51.81,1,5
1771749733789,2026-02-22T08:42:13.789Z,39,-26.2,25.76,63.91,0,5
1771749735889,2026-02-22T08:42:15.889Z,39,-7.05,5.76,-106.83,1,5
1771749737989,2026-02-22T08:42:17.989Z,39,-25.08,22.52,-168.68,0,5
1771749740089,2026-02-22T08:42:20.089Z,39,-16.36,2.9,170.03,1,5
1771749742189,2026-02-22T08:42:22.189Z,39,-15.41,-5.2,40.84,1,5
1771749744289,2026-02-22T08:42:24.289Z,39,-10.03,4.0,136.98,1,5
1771749746389,2026-02-22T08:42:26.389Z,39,-11.73,1.18,-55.4,1,5
1771749748489,2026-02-22T08:42:28.489Z,39,14.73,4.84,-57.43,1,5
1771749750589,2026-02-22T08:42:30.589Z,39,-4.03,-12.14,-33.28,1,5
1771749752689,2026-02-22T08:42:32.689Z,39,15.86,-12.66,-173.08,1,5
1771749754789,2026-02-22T08:42:34.789Z,39,15.94,10.63,17.1,1,5
1771749756889,2026-02-22T08:42:36.889Z,39,-4.07,-1.58,-85.4,1,5
1771749758989,2026-02-22T08:42:38.989Z,39,-49.9,33.89,-134.89,0,5
1771749761089,2026-02-22T08:42:41.089Z,39,-41.56,26.14,71.6,0,5
1771749763189,2026-02-22T08:42:43.189Z,39,-25.51,29.82,-44.29,0,5
1771749765289,2026-02-22T08:42:45.289Z,39,-33.35,-24.36,47.84,0,5
1771749767389,2026-02-22T08:42:47.389Z,39,-37.33,26.26,-133.2,0,5
1771749769489,2026-02-22T08:42:49.489Z,39,-7.71,-1.06,-88.28,1,5
1771749771589,2026-02-22T08:42:51.589Z,39,4.6,4.2,26.17,1,5
1771749773689,2026-02-22T08:42:53.689Z,39,-44.73,26.62,-145.71,0,5
1771749775789,2026-02-22T08:42:55.789Z,39,10.35,1.85,51.53,1,5
1771749777889,2026-02-22T08:42:57.889Z,39,-33.9,-32.74,165.27,0,5
1771749779989,2026-02-22T08:42:59.989Z,39,-3.1,-6.41,-174.98,1,5
1771749782089,2026-02-22T08:43:02.089Z,39,-27.21,28.88,106.05,0,5
1771749784189,2026-02-22T08:43:04.189Z,39,-17.77,10.31,-59.58,1,5
1771749786289,2026-02-22T08:43:06.289Z,39,33.35,26.47,23.61,0,5
1771749788389,2026-02-22T08:43:08.389Z,39,-11.84,6.16,97.58,1,5
1771749790489,2026-02-22T08:43:10.489Z,39,-3.77,-7.0,123.54,1,5
1771749706489,2026-02-22T08:41:46.489Z,39,-36.44,30.41,-152.01,0,6
1771749708589,2026-02-22T08:41:48.589Z,39,-1.32,-12.36,34.5,1,6
1771749710689,2026-02-22T08:41:50.689Z,39,-1.98,-10.64,-56.07,1,6
1771749712789,2026-02-22T08:41:52.789Z,39,7.69,1.32,-114.86,1,6
1771749714889,2026-02-22T08:41:54.889Z,39,16.47,-10.43,106.29,1,6
1771749716989,2026-02-22T08:41:56.989Z,39,-26.69,-30.45,147.55,0,6
1771749719089,2026-02-22T08:41:59.089Z,39,39.14,22.13,-139.66,0,6
1771749721189,2026-02-22T08:42:01.189Z,39,1.28,-4.36,18.22,1,6
1771749723289,2026-02-22T08:42:03.289Z,39,39.22,33.81,-10.64,0,6
1771749725389,2026-02-22T08:42:05.389Z,39,-34.54,-34.18,90.15,0,6
1771749727489,2026-02-22T08:42:07.489Z,39,-36.97,-21.34,172.47,0,6
1771749729589,2026-02-22T08:42:09.589Z,39,-12.44,10.62,-7.35,1,6
1771749731689,2026-02-22T08:42:11.689Z,39,0.33,-4.38,137.54,1,6
1771749733789,2026-02-22T08:42:13.789Z,39,-49.89,-23.36,91.44,0,6
1771749735889,2026-02-22T08:42:15.889Z,39,-16.06,1.33,41.42,1,6
1771749737989,2026-02-22T08:42:17.989Z,39,4.51,8.81,-97.69,1,6
1771749740089,2026-02-22T08:42:20.089Z,39,-26.48,-25.55,-4.58,0,6
1771749742189,2026-02-22T08:42:22.189Z,39,-10.39,-9.58,89.75,1,6
1771749744289,2026-02-22T08:42:24.289Z,39,-14.05,-2.04,163.26,1,6
1771749746389,2026-02-22T08:42:26.389Z,39,3.69,-7.9,-176.33,1,6
1771749748489,2026-02-22T08:42:28.489Z,39,4.58,-12.66,-167.0,1,6
1771749750589,2026-02-22T08:42:30.589Z,39,-16.17,11.36,70.52,1,6
1771749752689,2026-02-22T08:42:32.689Z,39,-13.28,5.64,-0.71,1,6
1771749754789,2026-02-22T08:42:34.789Z,39,-42.39,-24.87,78.43,0,6
1771749756889,2026-02-22T08:42:36.889Z,39,9.97,-9.6,-146.33,1,6
1771749706489,2026-02-22T08:41:46.489Z,39,31.34,-20.06,174.37,0,7
1771749708589,2026-02-22T08:41:48.589Z,39,7.75,2.47,156.56,1,7
1771749710689,2026-02-22T08:41:50.689Z,39,-1.45,-2.66,30.44,1,7
1771749712789,2026-02-22T08:41:52.789Z,39,-9.93,6.97,66.16,1,7
1771749714889,2026-02-22T08:41:54.889Z,39,17.66,-10.67,65.75,1,7
1771749716989,2026-02-22T08:41:56.989Z,39,17.22,-11.08,-72.53,1,7
1771749719089,2026-02-22T08:41:59.089Z,39,-46.52,-31.64,164.08,0,7
1771749721189,2026-02-22T08:42:01.189Z,39,15.99,-12.24,-90.74,1,7
1771749723289,2026-02-22T08:42:03.289Z,39,26.67,27.84,-125.7,0,7
1771749725389,2026-02-22T08:42:05.389Z,39,13.27,11.41,-28.87,1,7
1771749727489,2026-02-22T08:42:07.489Z,39,-15.99,-2.45,138.53,1,7
1771749729589,2026-02-22T08:42:09.589Z,39,46.04,29.21,91.13,0,7
1771749731689,2026-02-22T08:42:11.689Z,39,30.85,38.6,-149.72,0,7
1771749733789,2026-02-22T08:42:13.789Z,39,-3.83,-3.6,-70.85,1,7
1771749735889,2026-02-22T08:42:15.889Z,39,9.47,-6.38,56.17,1,7
1771749737989,2026-02-22T08:42:17.989Z,39,-2.47,12.47,66.55,1,7
1771749740089,2026-02-22T08:42:20.089Z,39,-11.21,-7.16,-29.94,1,7
1771749742189,2026-02-22T08:42:22.189Z,39,5.3,-3.2,-16.7,1,7
1771749744289,2026-02-22T08:42:24.289Z,39,-11.92,-9.5,137.54,1,7
1771749746389,2026-02-22T08:42:26.389Z,39,-7.36,-9.18,-102.08,1,7
1771749748489,2026-02-22T08:42:28.489Z,39,-13.05,8.55,-56.33,1,7
1771749750589,2026-02-22T08:42:30.589Z,39,7.04,-6.07,-125.53,1,7
1771749752689,2026-02-22T08:42:32.689Z,39,12.61,3.54,163.79,1,7
1771749754789,2026-02-22T08:42:34.789Z,39,-0.25,12.64,162.13,1,7
1771749756889,2026-02-22T08:42:36.889Z,39,8.64,11.19,-126.89,1,7
1771749758989,2026-02-22T08:42:38.989Z,39,-6.8,8.34,-149.53,1,7
1771749761089,2026-02-22T08:42:41.089Z,39,6.58,-6.14,-107.64,1,7
1771749763189,2026-02-22T08:42:43.189Z,39,-9.38,-9.52,167.65,1,7
1771749765289,2026-02-22T08:42:45.289Z,39,49.35,-37.78,60.02,0,7
1771749767389,2026-02-22T08:42:47.389Z,39,-9.51,-6.62,161.72,1,7
1771749706489,2026-02-22T08:41:46.489Z,40,-15.17,8.7,125.4,1,4
1771749708589,2026-02-22T08:41:48.589Z,40,-3.4,-3.28,78.76,1,4
1771749710689,2026-02-22T08:41:50.689Z,40,-1.19,5.92,149.81,1,4
1771749712789,2026-02-22T08:41:52.789Z,40,-8.33,-4.4,-16.73,1,4
1771749714889,2026-02-22T08:41:54.889Z,40,14.22,7.73,-83.43,1,4
1771749716989,2026-02-22T08:41:56.989Z,40,48.67,39.34,-22.83,0,4
1771749719089,2026-02-22T08:41:59.089Z,40,17.68,-5.96,-40.8,1,4
1771749721189,2026-02-22T08:42:01.189Z,40,9.97,-3.06,110.48,1,4
1771749723289,2026-02-22T08:42:03.289Z,40,14.61,-9.71,-116.25,1,4
1771749725389,2026-02-22T08:42:05.389Z,40,-17.2,5.14,-177.15,1,4
1771749727489,2026-02-22T08:42:07.489Z,40,12.2,3.08,158.36,1,4
1771749729589,2026-02-22T08:42:09.589Z,40,11.33,-8.18,-36.32,1,4
1771749731689,2026-02-22T08:42:11.689Z,40,10.31,-3.35,-42.74,1,4
1771749733789,2026-02-22T08:42:13.789Z,40,-1.92,-10.07,152.15,1,4
1771749735889,2026-02-22T08:42:15.889Z,40,13.32,-5.82,-93.74,1,4
1771749737989,2026-02-22T08:42:17.989Z,40,-31.64,22.45,112.91,0,4
1771749740089,2026-02-22T08:42:20.089Z,40,6.04,-6.12,16.01,1,4
1771749742189,2026-02-22T08:42:22.189Z,40,10.53,-8.91,-30.44,1,4
1771749744289,2026-02-22T08:42:24.289Z,40,9.96,10.04,-103.14,1,4
1771749746389,2026-02-22T08:42:26.389Z,40,39.16,-33.16,-15.16,0,4
1771749748489,2026-02-22T08:42:28.489Z,40,14.67,10.5,-169.2,1,4
1771749750589,2026-02-22T08:42:30.589Z,40,8.31,-0.11,11.1,1,4
1771749752689,2026-02-22T08:42:32.689Z,40,-11.99,11.23,-151.42,1,4
1771749754789,2026-02-22T08:42:34.789Z,40,-1.92,10.82,20.51,1,4
1771749756889,2026-02-22T08:42:36.889Z,40,-10.47,8.21,56.86,1,4
1771749758989,2026-02-22T08:42:38.989Z,40,-11.66,10.12,1.97,1,4
1771749761089,2026-02-22T08:42:41.089Z,40,-8.39,4.69,140.51,1,4
1771749763189,2026-02-22T08:42:43.189Z,40,-13.95,-7.96,167.35,1,4
1771749765289,2026-02-22T08:42:45.289Z,40,-42.29,35.93,135.11,0,4
1771749767389,2026-02-22T08:42:47.389Z,40,-47.62,29.06,27.83,0,4
1771749769489,2026-02-22T08:42:49.489Z,40,-6.34,-8.1,-11.51,1,4
1771749771589,2026-02-22T08:42:51.589Z,40,14.8,3.79,-163.21,1,4
1771749773689,2026-02-22T08:42:53.689Z,40,45.38,38.65,-157.36,0,4
1771749775789,2026-02-22T08:42:55.789Z,40,33.14,-20.73,151.48,0,4
1771749777889,2026-02-22T08:42:57.889Z,40,6.57,5.97,-156.34,1,4
1771749779989,2026-02-22T08:42:59.989Z,40,-1.33,9.01,-109.85,1,4
1771749782089,2026-02-22T08:43:02.089Z,40,3.75,-7.11,26.52,1,4
1771749784189,2026-02-22T08:43:04.189Z,40,-44.08,-29.89,-120.79,0,4
1771749786289,2026-02-22T08:43:06.289Z,40,-13.62,-3.17,-55.49,1,4
1771749788389,2026-02-22T08:43:08.389Z,40,0.65,-2.84,146.33,1,4
1771749790489,2026-02-22T08:43:10.489Z,40,5.22,1.97,47.22,1,4
1771749792589,2026-02-22T08:43:12.589Z,40,-9.14,-9.68,-45.53,1,4
1771749706489,2026-02-22T08:41:46.489Z,40,14.16,4.14,-103.24,1,5
1771749708589,2026-02-22T08:41:48.589Z,40,-11.92,3.64,97.51,1,5
1771749710689,2026-02-22T08:41:50.689Z,40,7.18,-8.06,8.0,1,5
1771749712789,2026-02-22T08:41:52.789Z,40,-17.95,-3.55,-9.47,1,5
1771749714889,2026-02-22T08:41:54.889Z,40,-44.55,-22.58,-27.64,0,5
1771749716989,2026-02-22T08:41:56.989Z,40,-5.4,-12.1,-37.05,1,5
1771749719089,2026-02-22T08:41:59.089Z,40,26.14,-27.78,-0.78,0,5
1771749721189,2026-02-22T08:42:01.189Z,40,-45.74,-27.62,-144.48,0,5
1771749723289,2026-02-22T08:42:03.289Z,40,-12.39,-10.41,52.13,1,5
1771749725389,2026-02-22T08:42:05.389Z,40,-47.32,-34.12,166.92,0,5
1771749727489,2026-02-22T08:42:07.489Z,40,10.58,3.39,152.3,1,5
1771749729589,2026-02-22T08:42:09.589Z,40,44.48,24.01,-20.66,0,5
1771749731689,2026-02-22T08:42:11.689Z,40,-12.77,12.47,167.1,1,5
1771749733789,2026-02-22T08:42:13.789Z,40,-28.54,-38.39,3.01,0,5
1771749735889,2026-02-22T08:42:15.889Z,40,9.16,-5.41,178.97,1,5
1771749737989,2026-02-22T08:42:17.989Z,40,17.65,9.31,23.79,1,5
1771749740089,2026-02-22T08:42:20.089Z,40,-29.47,28.1,-44.27,0,5
1771749742189,2026-02-22T08:42:22.189Z,40,30.28,-38.0,-92.79,0,5
1771749744289,2026-02-22T08:42:24.289Z,40,46.61,-21.33,53.19,0,5
1771749746389,2026-02-22T08:42:26.389Z,40,-8.22,4.78,-2.96,1,5
1771749748489,2026-02-22T08:42:28.489Z,40,-9.49,-0.38,-66.51,1,5
1771749750589,2026-02-22T08:42:30.589Z,40,44.3,22.97,139.85,0,5
1771749752689,2026-02-22T08:42:32.689Z,40,9.89,-8.46,58.0,1,5
1771749754789,2026-02-22T08:42:34.789Z,40,-7.67,-2.62,25.53,1,5
1771749756889,2026-02-22T08:42:36.889Z,40,34.65,34.61,104.67,0,5
1771749758989,2026-02-22T08:42:38.989Z,40,-6.54,1.79,107.74,1,5
1771749761089,2026-02-22T08:42:41.089Z,40,-34.21,39.55,-83.64,0,5
1771749763189,2026-02-22T08:42:43.189Z,40,9.59,4.5,-61.22,1,5
1771749765289,2026-02-22T08:42:45.289Z,40,2.5,4.43,27.44,1,5
1771749767389,2026-02-22T08:42:47.389Z,40,17.45,2.36,-17.69,1,5
1771749769489,2026-02-22T08:42:49.489Z,40,10.97,-11.43,109.23,1,5
1771749771589,2026-02-22T08:42:51.589Z,40,-31.34,39.53,60.0,0,5
1771749773689,2026-02-22T08:42:53.689Z,40,13.21,-0.1,-131.06,1,5
1771749775789,2026-02-22T08:42:55.789Z,40,-32.69,-31.43,90.68,0,5
1771749777889,2026-02-22T08:42:57.889Z,40,16.08,-2.51,11.51,1,5
1771749779989,2026-02-22T08:42:59.989Z,40,-3.38,1.73,8.36,1,5
1771749782089,2026-02-22T08:43:02.089Z,40,-12.06,-0.25,-5.81,1,5
1771749784189,2026-02-22T08:43:04.189Z,40,3.67,7.03,-132.53,1,5
1771749786289,2026-02-22T08:43:06.289Z,40,-36.51,33.91,166.98,0,5
1771749706489,2026-02-22T08:41:46.489Z,40,-9.46,3.57,-105.12,1,6
1771749708589,2026-02-22T08:41:48.589Z,40,2.58,10.81,69.47,1,6
1771749710689,2026-02-22T08:41:50.689Z,40,3.69,3.38,-42.4,1,6
1771749712789,2026-02-22T08:41:52.789Z,40,-16.89,0.32,81.03,1,6
1771749714889,2026-02-22T08:41:54.889Z,40,-5.94,-6.94,-127.9,1,6
1771749716989,2026-02-22T08:41:56.989Z,40,3.1,-3.85,-171.53,1,6
1771749719089,2026-02-22T08:41:59.089Z,40,11.07,-5.92,-78.2,1,6
1771749721189,2026-02-22T08:42:01.189Z,40,10.78,-5.61,-177.52,1,6
1771749723289,2026-02-22T08:42:03.289Z,40,-12.95,12.17,-12.86,1,6
1771749725389,2026-02-22T08:42:05.389Z,40,1.61,6.83,-1.29,1,6
1771749727489,2026-02-22T08:42:07.489Z,40,-1.88,-1.3,-68.58,1,6
1771749729589,2026-02-22T08:42:09.589Z,40,45.41,37.81,-26.41,0,6
1771749731689,2026-02-22T08:42:11.689Z,40,46.45,-20.46,-92.06,0,6
1771749733789,2026-02-22T08:42:13.789Z,40,-10.06,-7.82,31.99,1,6
1771749735889,2026-02-22T08:42:15.889Z,40,-8.19,-1.91,-112.87,1,6
1771749737989,2026-02-22T08:42:17.989Z,40,-15.15,9.95,23.56,1,6
1771749740089,2026-02-22T08:42:20.089Z,40,2.5,-3.12,-64.41,1,6
1771749742189,2026-02-22T08:42:22.189Z,40,-4.65,-0.89,-177.14,1,6
1771749744289,2026-02-22T08:42:24.289Z,40,-14.04,0.75,-13.44,1,6
1771749746389,2026-02-22T08:42:26.389Z,40,32.49,-37.07,41.07,0,6
1771749748489,2026-02-22T08:42:28.489Z,40,40.29,38.45,-30.98,0,6
1771749750589,2026-02-22T08:42:30.589Z,40,-7.25,-4.41,-85.78,1,6
1771749752689,2026-02-22T08:42:32.689Z,40,43.63,34.18,102.8,0,6
1771749754789,2026-02-22T08:42:34.789Z,40,40.3,31.39,37.25,0,6
1771749756889,2026-02-22T08:42:36.889Z,40,3.87,8.68,160.11,1,6
1771749758989,2026-02-22T08:42:38.989Z,40,2.82,-5.59,26.97,1,6
1771749761089,2026-02-22T08:42:41.089Z,40,-3.24,-12.55,93.27,1,6
1771749763189,2026-02-22T08:42:43.189Z,40,-28.65,-31.87,0.18,0,6
1771749765289,2026-02-22T08:42:45.289Z,40,8.03,5.81,-101.33,1,6
1771749767389,2026-02-22T08:42:47.389Z,40,11.43,3.71,137.64,1,6
1771749769489,2026-02-22T08:42:49.489Z,40,15.62,-10.41,-123.23,1,6
1771749771589,2026-02-22T08:42:51.589Z,40,28.23,-22.3,-7.65,0,6
1771749773689,2026-02-22T08:42:53.689Z,40,-6.23,10.38,6.69,1,6
1771749775789,2026-02-22T08:42:55.789Z,40,4.69,7.39,-46.6,1,6
1771749777889,2026-02-22T08:42:57.889Z,40,3.08,9.34,-134.76,1,6
1771749779989,2026-02-22T08:42:59.989Z,40,-16.46,-5.77,-24.18,1,6
1771749782089,2026-02-22T08:43:02.089Z,40,15.44,-9.14,39.94,1,6
1771749706489,2026-02-22T08:41:46.489Z,40,-17.01,10.33,134.87,1,7
1771749708589,2026-02-22T08:41:48.589Z,40,10.04,-7.69,130.96,1,7
1771749710689,2026-02-22T08:41:50.689Z,40,-3.83,-3.74,74.51,1,7
1771749712789,2026-02-22T08:41:52.789Z,40,-6.09,-4.23,63.91,1,7
1771749714889,2026-02-22T08:41:54.889Z,40,-17.92,11.44,169.51,1,7
1771749716989,2026-02-22T08:41:56.989Z,40,2.65,-7.32,-155.24,1,7
1771749719089,2026-02-22T08:41:59.089Z,40,1.89,-8.08,70.47,1,7
1771749721189,2026-02-22T08:42:01.189Z,40,-10.03,-11.12,156.44,1,7
1771749723289,2026-02-22T08:42:03.289Z,40,-16.27,-7.68,140.49,1,7
1771749725389,2026-02-22T08:42:05.389Z,40,-3.33,11.25,86.71,1,7
1771749727489,2026-02-22T08:42:07.489Z,40,-9.05,-4.94,-74.61,1,7
1771749729589,2026-02-22T08:42:09.589Z,40,-10.52,-10.2,-71.55,1,7
1771749731689,2026-02-22T08:42:11.689Z,40,7.71,-2.19,86.92,1,7
1771749733789,2026-02-22T08:42:13.789Z,40,5.69,7.32,14.5,1,7
1771749735889,2026-02-22T08:42:15.889Z,40,1.88,10.44,161.83,1,7
1771749737989,2026-02-22T08:42:17.989Z,40,7.48,-9.34,129.73,1,7
1771749740089,2026-02-22T08:42:20.089Z,40,2.97,-11.7,139.0,1,7
1771749742189,2026-02-22T08:42:22.189Z,40,5.28,12.28,-22.26,1,7
1771749744289,2026-02-22T08:42:24.289Z,40,-1.23,-8.1,-166.49,1,7
1771749746389,2026-02-22T08:42:26.389Z,40,-6.53,-8.97,13.16,1,7
1771749748489,2026-02-22T08:42:28.489Z,40,48.68,-23.24,21.27,0,7
1771749750589,2026-02-22T08:42:30.589Z,40,34.77,-28.97,-58.76,0,7
1771749752689,2026-02-22T08:42:32.689Z,40,-29.97,-30.41,-124.81,0,7
1771749754789,2026-02-22T08:42:34.789Z,40,-28.41,-26.6,26.5,0,7
1771749756889,2026-02-22T08:42:36.889Z,40,-10.64,-12.74,-172.09,1,7
1771749758989,2026-02-22T08:42:38.989Z,40,-3.3,-1.53,84.26,1,7
1771749761089,2026-02-22T08:42:41.089Z,40,14.43,7.37,-48.53,1,7
1771749763189,2026-02-22T08:42:43.189Z,40,46.4,-35.52,39.48,0,7
1771749765289,2026-02-22T08:42:45.289Z,40,11.3,-6.52,89.42,1,7
1771749767389,2026-02-22T08:42:47.389Z,40,5.1,-7.52,-151.83,1,7
1771749769489,2026-02-22T08:42:49.489Z,40,-43.37,36.32,-118.57,0,7
1771749771589,2026-02-22T08:42:51.589Z,40,-8.25,10.87,105.27,1,7
1771749773689,2026-02-22T08:42:53.689Z,40,1.45,-1.08,160.76,1,7
1771749775789,2026-02-22T08:42:55.789Z,40,-27.27,-39.15,58.29,0,7
1771749777889,2026-02-22T08:42:57.889Z,40,-16.12,-3.29,-21.84,1,7
1771749779989,2026-02-22T08:42:59.989Z,40,47.91,33.21,16.73,0,7
1771749782089,2026-02-22T08:43:02.089Z,40,16.5,8.62,-8.54,1,7
1771749784189,2026-02-22T08:43:04.189Z,40,-0.17,8.45,-30.99,1,7
1771749706489,2026-02-22T08:41:46.489Z,41,-34.66,-30.74,151.38,0,4
1771749708589,2026-02-22T08:41:48.589Z,41,6.39,3.35,-57.79,1,4
1771749710689,2026-02-22T08:41:50.689Z,41,-29.5,31.98,108.96,0,4
1771749712789,2026-02-22T08:41:52.789Z,41,6.77,-2.98,92.97,1,4
1771749714889,2026-02-22T08:41:54.889Z,41,-8.83,0.19,86.22,1,4
1771749716989,2026-02-22T08:41:56.989Z,41,31.23,-29.03,96.99,0,4
1771749719089,2026-02-22T08:41:59.089Z,41,-11.29,-9.62,-149.06,1,4
1771749721189,2026-02-22T08:42:01.189Z,41,1.11,12.12,-164.89,1,4
1771749723289,2026-02-22T08:42:03.289Z,41,45.18,-33.39,140.71,0,4
1771749725389,2026-02-22T08:42:05.389Z,41,46.38,25.83,-167.02,0,4
1771749727489,2026-02-22T08:42:07.489Z,41,-9.88,-9.07,-142.72,1,4
1771749729589,2026-02-22T08:42:09.589Z,41,42.36,-31.96,84.68,0,4
1771749731689,2026-02-22T08:42:11.689Z,41,-37.35,-23.51,145.91,0,4
1771749733789,2026-02-22T08:42:13.789Z,41,31.24,23.64,-172.27,0,4
1771749735889,2026-02-22T08:42:15.889Z,41,-28.61,23.52,64.49,0,4
1771749737989,2026-02-22T08:42:17.989Z,41,39.78,37.0,-110.75,0,4
1771749740089,2026-02-22T08:42:20.089Z,41,8.49,5.0,113.92,1,4
1771749742189,2026-02-22T08:42:22.189Z,41,-7.56,-5.15,135.8,1,4
1771749744289,2026-02-22T08:42:24.289Z,41,37.56,30.17,28.84,0,4
1771749746389,2026-02-22T08:42:26.389Z,41,-8.25,-12.46,-120.16,1,4
1771749748489,2026-02-22T08:42:28.489Z,41,44.15,21.43,95.79,0,4
1771749750589,2026-02-22T08:42:30.589Z,41,10.37,-1.35,-87.34,1,4
1771749752689,2026-02-22T08:42:32.689Z,41,-34.93,-23.2,135.95,0,4
1771749754789,2026-02-22T08:42:34.789Z,41,30.83,-29.05,-0.72,0,4
1771749756889,2026-02-22T08:42:36.889Z,41,-11.86,10.71,24.21,1,4
1771749706489,2026-02-22T08:41:46.489Z,41,13.89,-3.92,-149.86,1,5
1771749708589,2026-02-22T08:41:48.589Z,41,-25.69,31.45,153.88,0,5
1771749710689,2026-02-22T08:41:50.689Z,41,-7.71,-11.15,152.66,1,5
1771749712789,2026-02-22T08:41:52.789Z,41,30.46,-31.83,-66.31,0,5
1771749714889,2026-02-22T08:41:54.889Z,41,30.81,-29.27,79.27,0,5
1771749716989,2026-02-22T08:41:56.989Z,41,-3.29,8.49,80.18,1,5
1771749719089,2026-02-22T08:41:59.089Z,41,-26.07,21.52,58.77,0,5
1771749721189,2026-02-22T08:42:01.189Z,41,-17.03,4.39,-57.73,1,5
1771749723289,2026-02-22T08:42:03.289Z,41,8.06,-7.2,13.79,1,5
1771749725389,2026-02-22T08:42:05.389Z,41,-31.82,-34.09,-123.47,0,5
1771749727489,2026-02-22T08:42:07.489Z,41,-29.42,-21.89,118.38,0,5
1771749729589,2026-02-22T08:42:09.589Z,41,43.73,-34.22,13.8,0,5
1771749731689,2026-02-22T08:42:11.689Z,41,38.39,25.96,-176.96,0,5
1771749733789,2026-02-22T08:42:13.789Z,41,-38.27,31.13,-158.94,0,5
1771749735889,2026-02-22T08:42:15.889Z,41,-7.0,-9.53,121.26,1,5
1771749737989,2026-02-22T08:42:17.989Z,41,10.61,-8.38,154.1,1,5
1771749740089,2026-02-22T08:42:20.089Z,41,36.06,24.89,-67.08,0,5
1771749742189,2026-02-22T08:42:22.189Z,41,8.52,-2.92,-35.38,1,5
1771749744289,2026-02-22T08:42:24.289Z,41,43.72,-31.92,80.72,0,5
1771749746389,2026-02-22T08:42:26.389Z,41,5.71,-10.09,-129.27,1,5
1771749706489,2026-02-22T08:41:46.489Z,41,-11.41,-5.05,-156.97,1,6
1771749708589,2026-02-22T08:41:48.589Z,41,4.02,0.83,106.5,1,6
1771749710689,2026-02-22T08:41:50.689Z,41,8.38,11.38,150.13,1,6
1771749712789,2026-02-22T08:41:52.789Z,41,13.03,9.51,-147.58,1,6
1771749714889,2026-02-22T08:41:54.889Z,41,28.84,31.76,33.86,0,6
1771749716989,2026-02-22T08:41:56.989Z,41,2.71,0.7,54.61,1,6
1771749719089,2026-02-22T08:41:59.089Z,41,-10.83,6.12,-172.84,1,6
1771749721189,2026-02-22T08:42:01.189Z,41,-2.45,-2.34,85.5,1,6
1771749723289,2026-02-22T08:42:03.289Z,41,7.42,-11.38,-54.78,1,6
1771749725389,2026-02-22T08:42:05.389Z,41,-12.19,-4.25,15.83,1,6
1771749727489,2026-02-22T08:42:07.489Z,41,-14.53,-4.63,-163.29,1,6
1771749729589,2026-02-22T08:42:09.589Z,41,31.11,-31.0,-179.31,0,6
1771749731689,2026-02-22T08:42:11.689Z,41,6.81,11.05,123.28,1,6
1771749733789,2026-02-22T08:42:13.789Z,41,5.76,1.68,40.13,1,6
1771749735889,2026-02-22T08:42:15.889Z,41,-3.67,5.14,-120.95,1,6
1771749737989,2026-02-22T08:42:17.989Z,41,-2.3,-6.65,-98.23,1,6
1771749740089,2026-02-22T08:42:20.089Z,41,-47.05,33.46,137.8,0,6
1771749742189,2026-02-22T08:42:22.189Z,41,11.32,-2.4,88.91,1,6
1771749744289,2026-02-22T08:42:24.289Z,41,4.86,9.97,166.85,1,6
1771749746389,2026-02-22T08:42:26.389Z,41,29.43,22.1,-23.74,0,6
1771749748489,2026-02-22T08:42:28.489Z,41,9.97,-12.98,-153.22,1,6
1771749750589,2026-02-22T08:42:30.589Z,41,0.21,-8.92,144.02,1,6
1771749752689,2026-02-22T08:42:32.689Z,41,-12.52,4.5,125.69,1,6
1771749754789,2026-02-22T08:42:34.789Z,41,-9.94,10.34,-14.01,1,6
1771749756889,2026-02-22T08:42:36.889Z,41,12.82,0.74,-62.87,1,6
1771749706489,2026-02-22T08:41:46.489Z,41,7.21,-2.44,142.44,1,7
1771749708589,2026-02-22T08:41:48.589Z,41,-14.58,-11.87,91.99,1,7
1771749710689,2026-02-22T08:41:50.689Z,41,11.72,-8.66,48.53,1,7
1771749712789,2026-02-22T08:41:52.789Z,41,-46.41,24.95,-152.98,0,7
1771749714889,2026-02-22T08:41:54.889Z,41,3.84,11.87,-137.96,1,7
1771749716989,2026-02-22T08:41:56.989Z,41,-33.81,31.59,11.97,0,7
1771749719089,2026-02-22T08:41:59.089Z,41,6.94,-3.9,-0.91,1,7
1771749721189,2026-02-22T08:42:01.189Z,41,-17.4,5.62,83.48,1,7
1771749723289,2026-02-22T08:42:03.289Z,41,-4.43,5.09,115.91,1,7
1771749725389,2026-02-22T08:42:05.389Z,41,9.49,2.9,-52.6,1,7
1771749727489,2026-02-22T08:42:07.489Z,41,-13.02,-1.35,-69.1,1,7
1771749729589,2026-02-22T08:42:09.589Z,41,2.36,11.76,-56.37,1,7
1771749731689,2026-02-22T08:42:11.689Z,41,-8.18,-1.69,49.13,1,7
1771749733789,2026-02-22T08:42:13.789Z,41,8.57,10.05,28.56,1,7
1771749735889,2026-02-22T08:42:15.889Z,41,-1.98,3.31,-128.62,1,7
1771749737989,2026-02-22T08:42:17.989Z,41,-2.77,12.7,-70.38,1,7
1771749740089,2026-02-22T08:42:20.089Z,41,2.67,-2.69,-172.23,1,7
1771749742189,2026-02-22T08:42:22.189Z,41,10.15,-1.11,66.96,1,7
1771749744289,2026-02-22T08:42:24.289Z,41,2.13,4.83,126.22,1,7
1771749746389,2026-02-22T08:42:26.389Z,41,-8.07,11.79,-110.33,1,7
1771749748489,2026-02-22T08:42:28.489Z,41,0.15,-5.14,-32.06,1,7
1771749750589,2026-02-22T08:42:30.589Z,41,12.2,0.49,46.77,1,7
1771749752689,2026-02-22T08:42:32.689Z,41,8.39,0.95,11.96,1,7
1771749754789,2026-02-22T08:42:34.789Z,41,44.41,-25.3,-66.23,0,7
1771749756889,2026-02-22T08:42:36.889Z,41,-12.0,3.64,110.23,1,7
1771749758989,2026-02-22T08:42:38.989Z,41,49.12,-36.71,175.17,0,7
1771749761089,2026-02-22T08:42:41.089Z,41,-12.98,-1.07,-37.19,1,7
1771749763189,2026-02-22T08:42:43.189Z,41,3.67,-11.41,122.35,1,7
1771749765289,2026-02-22T08:42:45.289Z,41,1.25,-6.43,7.23,1,7
1771749767389,2026-02-22T08:42:47.389Z,41,-17.98,9.81,26.33,1,7
1771749769489,2026-02-22T08:42:49.489Z,41,5.97,-11.93,-6.31,1,7
1771749771589,2026-02-22T08:42:51.589Z,41,1.47,-6.84,34.2,1,7
1771749773689,2026-02-22T08:42:53.689Z,41,12.0,6.33,-141.84,1,7
1771749775789,2026-02-22T08:42:55.789Z,41,17.43,-6.85,-126.22,1,7
1771749777889,2026-02-22T08:42:57.889Z,41,47.88,-20.01,-163.47,0,7
1771749779989,2026-02-22T08:42:59.989Z,41,-3.95,4.65,-143.34,1,7
1771749782089,2026-02-22T08:43:02.089Z,41,41.13,-38.22,162.11,0,7
1771749784189,2026-02-22T08:43:04.189Z,41,-14.5,-6.21,23.52,1,7
1771749786289,2026-02-22T08:43:06.289Z,41,17.23,4.29,142.99,1,7
1771749788389,2026-02-22T08:43:08.389Z,41,-1.84,-11.65,94.02,1,7
1771749790489,2026-02-22T08:43:10.489Z,41,-41.34,23.24,136.15,0,7
1771749792589,2026-02-22T08:43:12.589Z,41,-16.88,3.41,-106.54,1,7
1771749794689,2026-02-22T08:43:14.689Z,41,6.77,-11.76,-82.3,1,7
1771749796789,2026-02-22T08:43:16.789Z,41,16.19,-6.45,36.52,1,7
